Datetime,Open,High,Low,Close,Volume
2026-09-01 09:30,379.6500,380.0700,378.1900,378.7600,340265
2026-09-01 09:40,378.8703,379.0900,377.5325,377.8100,144799
2026-09-01 09:50,377.8100,378.3200,377.4800,378.1550,83685
2026-09-01 10:00,378.1550,379.2500,378.0100,379.0450,109594
2026-09-01 10:10,379.0900,380.3200,379.0700,380.0350,113622
2026-09-01 10:20,380.0350,380.7500,379.9050,380.2500,127071
2026-09-01 10:30,380.2450,380.5000,379.5100,379.7472,86410
2026-09-01 10:40,379.7750,379.8200,378.0770,378.1100,57747
2026-09-01 10:50,378.1000,378.3300,376.9701,377.0500,70025
2026-09-01 11:00,376.9700,377.1300,376.5000,376.9950,150876
2026-09-01 11:10,377.0200,377.3599,376.6100,377.1200,122003
2026-09-01 11:20,377.1200,377.2700,376.6300,376.8300,67339
2026-09-01 11:30,376.8800,377.4200,376.6800,377.3350,51830
2026-09-01 11:40,377.4600,377.4700,376.8900,377.0799,47091
2026-09-01 11:50,377.1450,377.4000,376.8940,377.4000,38732
2026-09-01 12:00,377.3000,377.6800,377.2200,377.3600,39906
2026-09-01 12:10,377.3600,377.8200,377.1500,377.4050,43843
2026-09-01 12:20,377.3800,377.4250,376.7100,376.8400,51444
2026-09-01 12:30,376.8400,376.8400,376.0500,376.3899,45400
2026-09-01 12:40,376.3650,376.4833,375.5100,375.6550,54862
2026-09-01 12:50,375.6550,375.7450,375.1700,375.3300,70827
2026-09-01 13:00,375.3200,375.8850,375.2600,375.7200,39032
2026-09-01 13:10,375.7000,376.0300,375.5200,375.5300,49704
2026-09-01 13:20,375.5300,375.6300,375.1800,375.3800,44862
2026-09-01 13:30,375.3800,375.8900,375.2000,375.6100,51380
2026-09-01 13:40,375.6900,375.8000,375.4650,375.4650,76652
2026-09-01 13:50,375.4500,375.5700,374.8200,375.0600,65294
2026-09-01 14:00,375.0700,375.3199,374.7225,375.3199,42996
2026-09-01 14:10,375.2800,375.4450,375.0500,375.2475,53098
2026-09-01 14:20,375.2800,375.4400,375.0400,375.2750,48738
2026-09-01 14:30,375.2200,375.3200,374.6700,374.7600,57149
2026-09-01 14:40,374.7500,374.8200,374.3300,374.4150,41486
2026-09-01 14:50,374.4250,374.8082,374.2500,374.2500,55317
2026-09-01 15:00,374.3099,374.6200,374.2000,374.5750,49740
2026-09-01 15:10,374.5750,374.6300,374.0401,374.2000,61975
2026-09-01 15:20,374.1100,374.3600,373.8300,373.8650,77853
2026-09-01 15:30,373.8200,373.8200,372.9400,373.3200,96779
2026-09-01 15:40,373.3300,373.6450,372.9400,373.0050,97895
2026-09-01 15:50,372.9900,373.2900,372.2200,372.7100,516544
2026-09-02 09:30,374.0100,377.5400,374.0100,375.9400,301344
2026-09-02 09:40,375.9691,377.3200,375.0000,376.6800,86122
2026-09-02 09:50,376.6925,378.3879,376.5267,377.7900,79998
2026-09-02 10:00,377.6550,378.2100,377.2600,377.3050,79558
2026-09-02 10:10,377.3050,377.9900,377.0300,377.7800,87937
2026-09-02 10:20,377.7400,378.8350,377.6500,378.5300,81067
2026-09-02 10:30,378.4700,379.0200,377.9400,378.9650,114186
2026-09-02 10:40,378.9600,379.7300,378.8700,379.6650,91428
2026-09-02 10:50,379.6600,379.8900,379.1800,379.3100,100188
2026-09-02 11:00,379.3300,380.1000,379.3300,379.6000,85380
2026-09-02 11:10,379.5150,379.6600,379.0600,379.5600,58589
2026-09-02 11:20,379.5100,379.7700,378.9200,379.2400,64703
2026-09-02 11:30,379.2500,379.5200,378.9050,379.2600,43883
2026-09-02 11:40,379.3500,379.3500,378.7400,379.1650,64257
2026-09-02 11:50,379.1650,379.5100,379.0000,379.5000,48843
2026-09-02 12:00,379.5000,379.7500,379.1900,379.4400,78936
2026-09-02 12:10,379.4400,379.5700,379.1300,379.2400,66452
2026-09-02 12:20,379.2400,379.3300,378.8000,378.9099,33692
2026-09-02 12:30,378.9500,379.0000,378.7100,378.8200,38939
2026-09-02 12:40,378.7800,379.2500,378.4800,378.5800,71082
2026-09-02 12:50,378.5800,379.0100,378.4100,378.6500,45213
2026-09-02 13:00,378.6500,378.9000,378.5400,378.5500,53315
2026-09-02 13:10,378.5400,378.6500,378.2400,378.5100,78380
2026-09-02 13:20,378.4400,378.5199,378.0550,378.1200,56632
2026-09-02 13:30,378.1000,378.1000,377.7800,377.8700,58213
2026-09-02 13:40,377.8700,378.0400,377.8000,377.9650,61209
2026-09-02 13:50,377.9300,378.4800,377.8100,378.4000,111524
2026-09-02 14:00,378.3300,378.7200,377.9600,378.6300,53433
2026-09-02 14:10,378.6600,378.9500,378.2633,378.8750,73434
2026-09-02 14:20,378.8750,379.3900,378.7400,378.8100,131771
2026-09-02 14:30,378.9000,379.0700,378.6700,378.6900,53581
2026-09-02 14:40,378.7100,378.8000,378.2825,378.5400,46916
2026-09-02 14:50,378.5400,378.7700,378.4000,378.5050,58732
2026-09-02 15:00,378.5050,378.9490,378.4000,378.7700,75251
2026-09-02 15:10,378.8400,378.9700,378.5800,378.8499,55319
2026-09-02 15:20,378.7450,379.8500,378.6550,379.6800,116595
2026-09-02 15:30,379.7000,380.1700,379.6000,379.8700,155681
2026-09-02 15:40,379.8750,379.9700,379.3900,379.7800,149378
2026-09-02 15:50,379.8300,379.8900,378.2300,378.5700,462792
2026-09-03 09:30,380.1700,382.2100,379.3701,380.1500,193593
2026-09-03 09:40,379.8600,379.9500,377.3200,377.6700,102589
2026-09-03 09:50,377.6600,379.4100,377.4200,379.4100,90913
2026-09-03 10:00,379.1500,379.6800,378.9350,379.0800,90739
2026-09-03 10:10,379.0900,379.8250,378.1300,378.2500,57238
2026-09-03 10:20,378.3150,378.4000,377.6200,377.8300,71096
2026-09-03 10:30,377.7900,378.2499,377.3900,377.4700,71019
2026-09-03 10:40,377.5050,378.5575,377.2500,378.4200,59991
2026-09-03 10:50,378.3700,378.5600,377.2800,377.9400,68966
2026-09-03 11:00,377.8700,378.7500,377.7000,378.7500,62140
2026-09-03 11:10,378.7450,379.2150,378.6600,379.2000,59198
2026-09-03 11:20,379.2700,379.6800,379.1300,379.5100,53381
2026-09-03 11:30,379.4850,379.5500,378.9000,379.0250,54263
2026-09-03 11:40,378.9900,379.4200,378.8176,379.2700,38638
2026-09-03 11:50,379.2700,379.4000,378.8101,378.8800,39493
2026-09-03 12:00,378.8750,378.9750,378.0200,378.3750,66349
2026-09-03 12:10,378.3400,378.5000,378.0921,378.2000,45534
2026-09-03 12:20,378.3200,378.4900,378.0500,378.2700,48477
2026-09-03 12:30,378.2600,378.3900,377.9000,378.0500,38783
2026-09-03 12:40,378.0600,378.1199,377.8541,377.9600,33633
2026-09-03 12:50,377.9600,378.4650,377.7300,377.8000,67230
2026-09-03 13:00,377.7200,377.8800,377.2900,377.4800,65370
2026-09-03 13:10,377.4800,377.6100,377.1622,377.2000,41611
2026-09-03 13:20,377.1600,377.2400,376.8611,377.0711,45217
2026-09-03 13:30,377.1400,377.7700,377.0900,377.7200,80747
2026-09-03 13:40,377.7600,377.8700,377.4900,377.7950,51728
2026-09-03 13:50,377.7600,378.4800,377.7200,378.2800,138294
2026-09-03 14:00,378.3500,378.5950,378.2100,378.5100,48827
2026-09-03 14:10,378.4900,378.6900,378.3500,378.5800,35504
2026-09-03 14:20,378.5800,378.5900,378.2200,378.2600,50187
2026-09-03 14:30,378.2300,378.6300,378.1400,378.4300,34529
2026-09-03 14:40,378.4300,378.6600,378.3100,378.6300,68423
2026-09-03 14:50,378.6300,379.1600,378.4500,379.1500,60106
2026-09-03 15:00,379.1300,379.5800,379.0300,379.3775,97900
2026-09-03 15:10,379.4200,379.6500,379.3600,379.4350,67085
2026-09-03 15:20,379.4350,379.4350,378.5000,378.5350,84481
2026-09-03 15:30,378.5100,378.9500,378.4400,378.7625,99021
2026-09-03 15:40,378.7600,379.0200,378.7300,378.9650,90952
2026-09-03 15:50,378.9700,379.2100,378.5250,378.7400,351994
2026-09-04 09:30,374.8900,377.5000,374.6500,375.5600,170845
2026-09-04 09:40,375.6725,376.1700,375.0900,376.0644,79914
2026-09-04 09:50,375.8900,376.0550,374.8750,375.1550,79189
2026-09-04 10:00,375.0700,375.2400,374.2950,374.5900,75761
2026-09-04 10:10,374.5800,374.7100,373.7500,373.9650,74092
2026-09-04 10:20,374.0000,374.2719,373.6900,373.8700,74497
2026-09-04 10:30,373.8600,374.2900,373.7750,374.0375,67287
2026-09-04 10:40,374.0300,374.5000,373.9200,374.1100,45590
2026-09-04 10:50,374.1400,374.3200,373.6400,373.8300,67380
2026-09-04 11:00,373.8350,374.1400,373.6400,373.7950,52999
2026-09-04 11:10,373.8500,374.4150,373.6900,374.1300,70777
2026-09-04 11:20,374.1300,374.6800,373.8000,374.5701,52195
2026-09-04 11:30,374.6300,374.7100,374.1000,374.6850,63515
2026-09-04 11:40,374.7100,375.4400,374.7000,375.4000,47597
2026-09-04 11:50,375.3900,375.5300,375.2500,375.2700,36702
2026-09-04 12:00,375.3070,375.6600,375.2100,375.5400,36175
2026-09-04 12:10,375.7000,376.5400,375.6350,376.4500,29067
2026-09-04 12:20,376.4550,376.7900,376.2400,376.2850,35579
2026-09-04 12:30,376.2600,376.5450,376.1700,376.3600,40076
2026-09-04 12:40,376.3500,376.6400,376.1400,376.2600,35383
2026-09-04 12:50,376.1500,376.3000,376.0300,376.0850,27783
2026-09-04 13:00,376.0300,376.4500,376.0300,376.3508,26236
2026-09-04 13:10,376.3450,376.5200,376.2700,376.4200,44647
2026-09-04 13:20,376.4500,376.6100,376.1629,376.1629,31220
2026-09-04 13:30,376.1600,376.2050,375.9300,376.0901,30638
2026-09-04 13:40,376.1400,376.1400,375.6200,375.6950,33084
2026-09-04 13:50,375.6950,375.7600,375.3900,375.6500,33502
2026-09-04 14:00,375.6200,375.9600,375.5600,375.6450,39563
2026-09-04 14:10,375.6400,375.9100,375.5500,375.6200,37736
2026-09-04 14:20,375.6200,375.8700,375.5600,375.8600,37466
2026-09-04 14:30,375.8150,375.9519,375.6650,375.8600,38372
2026-09-04 14:40,375.8699,375.9000,375.6100,375.6100,35674
2026-09-04 14:50,375.6300,375.6700,375.5100,375.5350,30269
2026-09-04 15:00,375.5350,375.6000,375.3724,375.4600,47232
2026-09-04 15:10,375.4300,375.6200,375.1100,375.5000,55409
2026-09-04 15:20,375.5000,375.5799,375.2800,375.3150,54454
2026-09-04 15:30,375.2800,375.2800,374.3550,374.6100,109893
2026-09-04 15:40,374.6200,374.9261,374.5200,374.6100,101737
2026-09-04 15:50,374.5700,375.0200,373.8900,374.9700,440177
2026-09-08 09:30,371.6000,371.6800,368.7100,370.2450,360201
2026-09-08 09:40,370.1000,372.8500,370.0900,372.4600,109126
2026-09-08 09:50,372.3890,373.5000,372.1300,372.9525,108512
2026-09-08 10:00,373.0800,373.3400,371.3100,371.5400,102984
2026-09-08 10:10,371.4400,371.8156,370.6500,370.8900,84291
2026-09-08 10:20,370.8950,371.2100,370.7400,370.8700,94704
2026-09-08 10:30,370.9300,371.0000,370.2700,370.3100,118913
2026-09-08 10:40,370.3050,370.7000,369.8550,370.4900,95450
2026-09-08 10:50,370.4950,370.6799,370.1300,370.1950,75336
2026-09-08 11:00,370.1300,370.3900,369.8400,370.1600,104501
2026-09-08 11:10,370.1550,370.2900,369.3600,369.4101,78507
2026-09-08 11:20,369.4100,369.4900,368.2900,368.4400,93292
2026-09-08 11:30,368.4400,368.6650,367.8400,368.1700,127618
2026-09-08 11:40,368.2006,368.2100,367.6600,367.9100,73055
2026-09-08 11:50,367.9100,368.4700,367.8143,368.2600,73697
2026-09-08 12:00,368.2200,368.9700,368.1500,368.8150,66104
2026-09-08 12:10,368.7850,369.1700,368.6900,368.8200,50184
2026-09-08 12:20,368.7100,369.1100,368.6900,369.0100,49545
2026-09-08 12:30,368.9900,369.0100,368.3972,368.4300,47410
2026-09-08 12:40,368.4300,368.7600,368.1900,368.6800,39687
2026-09-08 12:50,368.6750,368.8300,368.4800,368.6436,50779
2026-09-08 13:00,368.6900,368.7200,368.2600,368.2600,64223
2026-09-08 13:10,368.3150,368.4670,367.9300,367.9700,52018
2026-09-08 13:20,368.0000,368.2100,367.4400,367.7600,46018
2026-09-08 13:30,367.7400,368.6200,367.6100,368.5000,100690
2026-09-08 13:40,368.5000,368.9300,368.2800,368.6200,65326
2026-09-08 13:50,368.6200,368.8400,368.5801,368.6742,65095
2026-09-08 14:00,368.7300,368.9700,368.3500,368.5350,58064
2026-09-08 14:10,368.5350,369.3800,368.5350,369.3350,68755
2026-09-08 14:20,369.2900,369.4700,369.0200,369.2100,59716
2026-09-08 14:30,369.1775,369.2400,368.7400,368.9450,62955
2026-09-08 14:40,368.9400,369.4300,368.4000,368.7100,62201
2026-09-08 14:50,368.7100,369.2513,368.6900,368.8900,52375
2026-09-08 15:00,368.8100,369.0800,368.6300,368.9550,60766
2026-09-08 15:10,368.9100,369.2700,368.7700,369.1600,77000
2026-09-08 15:20,369.2000,369.3500,368.5000,368.9600,172141
2026-09-08 15:30,368.9850,369.6875,368.9500,369.4200,111009
2026-09-08 15:40,369.4100,369.7400,369.1900,369.4600,112194
2026-09-08 15:50,369.4600,369.5200,368.7500,368.8300,429969
2026-09-09 09:30,368.4500,368.4500,365.8800,366.7850,401674
2026-09-09 09:40,366.8800,368.8900,366.7700,368.3950,124756
2026-09-09 09:50,368.4400,369.3000,367.5801,367.8300,106780
2026-09-09 10:00,367.9400,368.5100,367.5600,367.5705,99258
2026-09-09 10:10,367.5700,368.1800,367.1000,368.0200,114084
2026-09-09 10:20,368.0000,368.8800,367.9300,368.0200,81905
2026-09-09 10:30,367.9817,368.0900,367.4500,367.7600,81989
2026-09-09 10:40,367.7800,368.0700,367.2160,367.5575,62046
2026-09-09 10:50,367.5500,367.7800,367.2900,367.6650,71582
2026-09-09 11:00,367.6600,367.9000,366.5100,366.7170,56291
2026-09-09 11:10,366.7100,367.0700,366.4600,366.6900,54595
2026-09-09 11:20,366.6900,367.3394,366.5632,367.2100,43696
2026-09-09 11:30,367.1200,367.3700,366.7200,367.2800,64780
2026-09-09 11:40,367.2800,367.4700,366.9900,367.1151,54753
2026-09-09 11:50,367.1300,367.2600,366.9700,367.1150,43485
2026-09-09 12:00,367.1500,367.4300,367.0300,367.0300,59031
2026-09-09 12:10,367.0200,367.6200,366.9700,367.5000,55476
2026-09-09 12:20,367.4995,368.1000,367.4500,368.0900,41257
2026-09-09 12:30,368.0650,368.4700,367.9700,368.3100,39560
2026-09-09 12:40,368.3100,368.6000,368.1000,368.6000,46856
2026-09-09 12:50,368.5950,368.6900,368.3400,368.3940,43855
2026-09-09 13:00,368.3700,368.7750,368.3300,368.6100,55371
2026-09-09 13:10,368.6100,369.3500,368.5400,369.3000,53438
2026-09-09 13:20,369.2800,369.4800,369.1300,369.3350,47744
2026-09-09 13:30,369.3100,369.3250,368.3850,368.4800,44625
2026-09-09 13:40,368.4400,368.6100,368.2200,368.3250,58367
2026-09-09 13:50,368.3000,368.6400,368.2201,368.2400,53598
2026-09-09 14:00,368.2500,368.3400,367.5550,367.8100,89075
2026-09-09 14:10,367.7700,367.8100,367.4350,367.7000,45232
2026-09-09 14:20,367.7400,367.8000,367.2800,367.3400,73222
2026-09-09 14:30,367.3110,367.3110,367.0000,367.2000,46035
2026-09-09 14:40,367.1850,367.5400,367.1850,367.3400,51771
2026-09-09 14:50,367.3400,367.8400,367.3200,367.8150,58193
2026-09-09 15:00,367.8400,368.3600,367.6701,368.2950,125547
2026-09-09 15:10,368.2950,368.4700,367.7500,368.2250,110565
2026-09-09 15:20,368.2400,368.8600,368.2000,368.8350,74263
2026-09-09 15:30,368.8350,369.0100,368.5400,368.5400,106708
2026-09-09 15:40,368.5300,368.8700,368.3900,368.4400,98605
2026-09-09 15:50,368.3400,368.4500,367.3100,367.5800,464330
2026-09-10 09:30,366.4000,367.9250,365.7300,366.5950,237372
2026-09-10 09:40,366.6200,367.1900,366.0900,366.6700,102613
2026-09-10 09:50,366.7650,367.1600,366.3900,366.8500,126996
2026-09-10 10:00,366.8350,367.0200,366.0300,366.0851,82533
2026-09-10 10:10,366.0750,366.9900,365.6400,366.5400,65862
2026-09-10 10:20,366.4700,366.7314,365.5300,365.8400,91712
2026-09-10 10:30,365.8700,366.1000,365.5200,365.9700,82820
2026-09-10 10:40,365.9350,366.5650,365.9250,366.4200,57811
2026-09-10 10:50,366.3900,366.9100,365.9650,366.3100,80283
2026-09-10 11:00,366.3450,366.5900,365.9900,366.4200,56221
2026-09-10 11:10,366.4200,367.0050,366.3200,366.8600,55735
2026-09-10 11:20,366.8650,367.4200,366.7600,367.0800,45189
2026-09-10 11:30,367.1900,367.5000,366.8896,367.1900,93154
2026-09-10 11:40,367.1600,367.2900,366.6000,367.2250,47006
2026-09-10 11:50,367.2250,367.6800,367.2000,367.2100,57010
2026-09-10 12:00,367.2100,367.6300,366.9950,367.0200,43076
2026-09-10 12:10,367.0600,367.7500,366.9591,367.6800,38134
2026-09-10 12:20,367.6750,367.8200,367.4800,367.7300,52367
2026-09-10 12:30,367.7300,368.0000,367.4500,367.8050,57084
2026-09-10 12:40,367.8050,367.8100,367.4250,367.5200,40547
2026-09-10 12:50,367.5300,367.5400,367.2700,367.4700,64096
2026-09-10 13:00,367.4700,367.7550,366.9119,366.9700,53216
2026-09-10 13:10,366.9700,367.1400,366.8168,366.9250,31170
2026-09-10 13:20,366.9300,367.1400,366.6100,366.6100,37267
2026-09-10 13:30,366.6464,366.8900,366.4550,366.7500,39130
2026-09-10 13:40,366.7300,366.8300,366.4900,366.7200,35341
2026-09-10 13:50,366.6700,367.0800,366.6700,366.9300,47288
2026-09-10 14:00,366.9300,366.9700,366.2050,366.2450,56431
2026-09-10 14:10,366.2300,366.4800,366.0608,366.4100,48669
2026-09-10 14:20,366.4300,366.9800,366.4101,366.6300,48267
2026-09-10 14:30,366.6100,366.8400,366.4950,366.5285,54058
2026-09-10 14:40,366.6000,366.7400,366.3810,366.6500,46986
2026-09-10 14:50,366.6500,366.8400,366.4600,366.4800,51745
2026-09-10 15:00,366.4100,366.9600,366.2600,366.9600,95116
2026-09-10 15:10,366.9600,367.0300,366.5920,366.6600,78264
2026-09-10 15:20,366.6500,366.7800,366.2400,366.4200,76193
2026-09-10 15:30,366.4500,367.2000,366.4500,367.1100,104610
2026-09-10 15:40,367.0951,367.3500,366.7900,366.9600,84912
2026-09-10 15:50,366.9700,367.6300,366.7800,367.2100,318232
2026-09-11 09:30,368.9200,371.7500,368.5000,368.6600,191379
2026-09-11 09:40,368.7301,368.9400,367.9800,368.0700,101484
2026-09-11 09:50,368.0600,368.6800,367.9900,368.5300,61924
2026-09-11 10:00,368.5100,369.9699,368.0974,369.8250,57717
2026-09-11 10:10,369.7400,369.7400,368.6000,369.2100,53030
2026-09-11 10:20,369.2050,369.7500,369.0000,369.4325,71259
2026-09-11 10:30,369.3500,369.6750,368.7400,369.1800,48316
2026-09-11 10:40,369.1800,370.2636,368.8960,370.0900,46081
2026-09-11 10:50,370.0600,370.1444,369.5142,369.5700,50609
2026-09-11 11:00,369.5600,369.9500,369.3380,369.7100,49149
2026-09-11 11:10,369.6600,369.7500,369.2376,369.6700,50631
2026-09-11 11:20,369.5800,369.7800,369.2801,369.3600,47915
2026-09-11 11:30,369.3700,369.7600,369.1200,369.7000,41625
2026-09-11 11:40,369.7000,370.1800,369.6000,370.0150,46229
2026-09-11 11:50,370.0250,370.0450,369.7200,369.9000,44367
2026-09-11 12:00,369.9300,370.1900,369.4600,369.6700,37368
2026-09-11 12:10,369.5900,369.9900,369.5800,369.9400,39826
2026-09-11 12:20,369.9200,370.2561,369.8900,370.1200,53126
2026-09-11 12:30,370.0800,370.4600,369.9500,370.1700,53695
2026-09-11 12:40,370.1300,370.8150,370.0900,370.6200,45602
2026-09-11 12:50,370.6500,370.7200,370.4050,370.5000,39355
2026-09-11 13:00,370.5650,370.7200,370.3200,370.5750,38564
2026-09-11 13:10,370.5600,370.9400,370.5600,370.9100,41212
2026-09-11 13:20,370.8100,371.3400,370.8100,371.1800,39629
2026-09-11 13:30,371.1900,371.3400,370.7600,370.9550,43035
2026-09-11 13:40,370.9100,371.2661,370.7701,371.0550,45088
2026-09-11 13:50,371.0550,371.5050,371.0550,371.4800,38459
2026-09-11 14:00,371.4200,371.8125,371.1600,371.3000,43563
2026-09-11 14:10,371.2700,371.4500,371.1300,371.1300,34325
2026-09-11 14:20,371.1100,371.1200,370.6700,370.8450,38023
2026-09-11 14:30,370.8400,371.1325,370.5300,371.1020,69238
2026-09-11 14:40,371.1150,371.5225,370.9800,371.4500,29111
2026-09-11 14:50,371.4400,371.5800,371.1500,371.2750,44550
2026-09-11 15:00,371.2750,371.4100,371.1650,371.2100,49278
2026-09-11 15:10,371.2100,371.7400,371.1650,371.4100,80795
2026-09-11 15:20,371.3900,371.5900,371.3501,371.5200,52950
2026-09-11 15:30,371.5200,371.6600,371.1600,371.2650,70826
2026-09-11 15:40,371.2400,371.3200,371.0000,371.2500,109856
2026-09-11 15:50,371.2700,371.4100,370.3900,370.5000,419012
2026-09-14 09:30,375.0700,376.6500,374.0100,376.5905,253386
2026-09-14 09:40,376.7200,377.0300,375.5000,375.8000,153057
2026-09-14 09:50,375.7600,377.0400,375.7600,376.5350,120717
2026-09-14 10:00,376.5350,376.7400,375.4650,375.5700,153670
2026-09-14 10:10,375.5700,375.5700,374.5200,374.7700,145666
2026-09-14 10:20,374.8100,375.1400,373.9900,374.6000,80222
2026-09-14 10:30,374.5750,375.9900,374.3800,375.7224,93639
2026-09-14 10:40,375.7800,375.8300,374.3900,374.9600,82325
2026-09-14 10:50,374.9499,375.6000,374.8000,374.9150,92995
2026-09-14 11:00,374.9150,375.7550,374.7200,375.2401,104208
2026-09-14 11:10,375.3300,375.3900,374.6000,374.7800,107859
2026-09-14 11:20,374.7800,375.1100,374.5800,375.1100,67377
2026-09-14 11:30,375.1100,375.5799,374.8710,375.5799,93894
2026-09-14 11:40,375.5100,376.1100,375.4450,376.0250,71062
2026-09-14 11:50,376.0350,376.1000,375.6250,375.7900,57820
2026-09-14 12:00,375.8200,376.5000,375.8000,376.5000,55135
2026-09-14 12:10,376.5400,376.5400,376.1400,376.2900,67435
2026-09-14 12:20,376.3200,376.4800,376.1700,376.2000,45316
2026-09-14 12:30,376.1750,376.6000,376.0700,376.5400,38898
2026-09-14 12:40,376.5700,377.1700,376.4350,377.0150,48795
2026-09-14 12:50,377.0150,377.0800,376.5303,376.6100,43817
2026-09-14 13:00,376.6200,376.7000,376.0300,376.0500,34324
2026-09-14 13:10,376.0000,376.1100,375.8200,376.0200,46758
2026-09-14 13:20,376.0300,376.1400,375.8300,376.0800,43136
2026-09-14 13:30,376.0800,376.3400,375.9600,376.2950,47037
2026-09-14 13:40,376.2750,376.4300,376.0100,376.3100,36593
2026-09-14 13:50,376.2600,376.4798,375.4500,375.7200,78203
2026-09-14 14:00,375.6900,376.2350,375.4500,375.7950,116355
2026-09-14 14:10,375.7800,375.9900,375.5100,375.6200,80277
2026-09-14 14:20,375.6100,376.0550,375.5300,375.7500,61149
2026-09-14 14:30,375.7400,375.9700,375.6650,375.9050,57077
2026-09-14 14:40,375.8900,375.9800,374.5900,375.1000,108075
2026-09-14 14:50,375.1000,375.5000,371.6700,372.3250,368408
2026-09-14 15:00,372.3200,374.7100,372.2000,374.6100,341173
2026-09-14 15:10,374.5850,374.8600,374.2700,374.4650,112765
2026-09-14 15:20,374.4800,374.7890,374.1600,374.6350,114756
2026-09-14 15:30,374.6300,374.9300,374.1800,374.3350,127617
2026-09-14 15:40,374.3350,374.4300,373.8800,374.3800,151560
2026-09-14 15:50,374.4200,375.5700,374.2700,375.3200,445931
2026-09-15 09:30,374.8150,376.0600,373.5000,376.0400,287032
2026-09-15 09:40,376.0850,376.0850,374.0500,374.3134,101819
2026-09-15 09:50,374.2600,375.2300,374.1900,374.6000,105441
2026-09-15 10:00,374.5400,374.6500,373.6000,373.9162,143534
2026-09-15 10:10,373.9450,374.1400,373.3801,373.8050,69086
2026-09-15 10:20,373.8100,373.9300,373.0000,373.1600,55036
2026-09-15 10:30,373.1400,373.3599,372.8200,373.2450,66390
2026-09-15 10:40,373.2500,373.7800,373.1000,373.4700,88616
2026-09-15 10:50,373.4700,373.6200,373.0100,373.1800,65729
2026-09-15 11:00,373.2000,373.8700,373.1700,373.6000,89842
2026-09-15 11:10,373.5500,374.2400,373.5200,373.9400,83852
2026-09-15 11:20,373.9000,374.0250,373.5200,373.9900,70261
2026-09-15 11:30,374.0500,374.9400,373.9300,374.9350,68828
2026-09-15 11:40,374.9100,375.6300,374.7300,374.7300,58988
2026-09-15 11:50,374.7600,375.0900,374.6300,374.9400,60583
2026-09-15 12:00,374.9350,374.9900,374.4400,374.5300,56182
2026-09-15 12:10,374.5650,374.8000,374.3000,374.4500,48573
2026-09-15 12:20,374.4900,374.8422,374.4400,374.7800,54214
2026-09-15 12:30,374.7600,374.8600,374.4150,374.5450,63137
2026-09-15 12:40,374.5100,374.6500,373.7050,374.1500,70530
2026-09-15 12:50,374.1700,374.6200,373.9700,374.5750,68210
2026-09-15 13:00,374.5750,374.8100,374.4500,374.7700,60656
2026-09-15 13:10,374.8100,374.9700,374.6050,374.8150,45582
2026-09-15 13:20,374.8400,375.0800,374.8000,374.9300,53922
2026-09-15 13:30,374.9600,375.2830,374.7100,374.9000,57155
2026-09-15 13:40,374.9000,375.1700,374.7400,374.8000,59127
2026-09-15 13:50,374.8400,375.1400,374.7600,375.1400,44347
2026-09-15 14:00,375.1400,375.3900,374.8800,375.2100,52431
2026-09-15 14:10,375.2200,375.5000,374.7200,375.3500,85012
2026-09-15 14:20,375.3800,375.6300,375.1150,375.5700,63212
2026-09-15 14:30,375.5798,375.5798,375.1200,375.3200,57597
2026-09-15 14:40,375.3100,375.5400,375.2000,375.3250,56816
2026-09-15 14:50,375.2900,375.4000,375.0088,375.3050,98240
2026-09-15 15:00,375.3100,375.6000,375.1500,375.5000,76903
2026-09-15 15:10,375.5050,375.7200,375.3900,375.5100,75668
2026-09-15 15:20,375.5100,375.9000,375.4800,375.8050,86383
2026-09-15 15:30,375.8050,376.1600,375.2700,375.3600,168203
2026-09-15 15:40,375.3100,375.7900,375.0732,375.6750,106947
2026-09-15 15:50,375.7200,376.3700,374.8000,375.7000,468964
2026-09-16 09:30,374.9600,376.4746,371.7600,372.0400,216614
2026-09-16 09:40,372.0400,373.7000,371.8200,373.6200,208609
2026-09-16 09:50,373.6050,374.8100,373.6050,373.9300,188945
2026-09-16 10:00,373.9900,374.4000,373.2350,373.3900,169462
2026-09-16 10:10,373.3900,374.1299,373.1700,373.3100,88831
2026-09-16 10:20,373.3700,373.6600,372.7650,373.3800,91063
2026-09-16 10:30,373.3425,373.7850,373.1800,373.5050,78728
2026-09-16 10:40,373.5050,374.0500,373.3480,373.4350,105104
2026-09-16 10:50,373.4650,373.5300,372.1000,372.6100,103086
2026-09-16 11:00,372.6050,372.8900,372.3000,372.4350,81871
2026-09-16 11:10,372.4100,372.4400,371.8600,372.2400,103316
2026-09-16 11:20,372.2700,372.2900,371.5510,371.6400,84917
2026-09-16 11:30,371.6800,371.9400,371.3500,371.6500,74059
2026-09-16 11:40,371.6500,372.0500,371.6200,371.7750,82617
2026-09-16 11:50,371.7700,371.7750,371.3400,371.6400,97067
2026-09-16 12:00,371.6400,371.7000,371.2700,371.6000,77252
2026-09-16 12:10,371.5950,371.6200,370.8500,370.9100,80496
2026-09-16 12:20,370.9100,371.1200,370.5100,370.7300,58680
2026-09-16 12:30,370.7200,371.3495,370.3900,371.1650,74854
2026-09-16 12:40,371.1600,371.2600,370.7800,371.1300,43762
2026-09-16 12:50,371.1350,371.3650,370.8200,370.9400,64561
2026-09-16 13:00,370.9400,371.2700,370.7300,371.2700,50616
2026-09-16 13:10,371.2700,371.5700,371.2475,371.5550,46734
2026-09-16 13:20,371.5400,371.7500,371.3200,371.6600,68307
2026-09-16 13:30,371.6900,371.7000,370.8512,370.9200,63475
2026-09-16 13:40,370.8600,371.2750,370.8600,371.0000,127602
2026-09-16 13:50,371.0000,371.6850,370.9700,371.2101,77751
2026-09-16 14:00,371.2100,371.5700,370.5900,371.3416,87651
2026-09-16 14:10,371.2500,371.5700,371.0600,371.5000,105768
2026-09-16 14:20,371.5000,371.9500,371.1250,371.9000,80633
2026-09-16 14:30,371.9299,371.9299,369.8001,370.9150,178988
2026-09-16 14:40,370.9800,372.2000,370.9200,371.8000,166886
2026-09-16 14:50,371.8000,371.8000,369.8200,370.0200,95359
2026-09-16 15:00,370.0000,370.6099,369.8200,370.2300,87848
2026-09-16 15:10,370.2450,370.2800,368.6350,368.8200,134083
2026-09-16 15:20,368.7900,368.9900,368.1200,368.9300,171063
2026-09-16 15:30,368.9700,369.3650,368.3800,368.5650,184096
2026-09-16 15:40,368.5100,369.6000,368.5100,369.5350,153947
2026-09-16 15:50,369.6000,371.2700,369.6000,370.9400,465279
2026-09-17 09:30,371.3750,372.2700,370.0000,370.7500,237564
2026-09-17 09:40,370.7550,370.8100,369.0000,369.5200,73775
2026-09-17 09:50,369.4963,369.7800,368.6650,369.7000,74451
2026-09-17 10:00,369.6900,369.9900,369.3200,369.5400,88682
2026-09-17 10:10,369.5899,370.3500,369.4264,370.1200,70937
2026-09-17 10:20,370.1000,370.7500,370.0000,370.2300,53450
2026-09-17 10:30,370.1500,370.3000,369.1500,369.3072,49524
2026-09-17 10:40,369.2400,369.7999,368.7950,368.9000,52792
2026-09-17 10:50,368.8700,368.9650,368.4250,368.5899,75091
2026-09-17 11:00,368.5100,369.3000,368.3900,369.1000,52158
2026-09-17 11:10,369.0921,369.6200,369.0200,369.4350,42490
2026-09-17 11:20,369.3900,370.2200,369.3900,370.0650,66804
2026-09-17 11:30,370.1400,371.0300,369.9900,371.0300,64045
2026-09-17 11:40,371.0300,371.5550,370.7300,370.7300,52381
2026-09-17 11:50,370.7900,371.2900,370.3700,371.1950,71635
2026-09-17 12:00,371.2400,371.4600,370.9431,371.2700,105347
2026-09-17 12:10,371.2300,371.3150,370.8601,370.8800,90966
2026-09-17 12:20,370.8350,371.0700,370.8000,370.9200,41043
2026-09-17 12:30,370.9200,371.1000,370.7500,370.7900,41922
2026-09-17 12:40,370.7800,370.9200,370.4600,370.5200,67249
2026-09-17 12:50,370.4900,370.9200,370.4600,370.8950,39377
2026-09-17 13:00,370.9200,371.0800,370.8600,370.8800,37625
2026-09-17 13:10,370.8700,371.2800,370.8300,371.1800,45395
2026-09-17 13:20,371.1750,371.5500,371.1400,371.5400,41739
2026-09-17 13:30,371.5500,372.0000,371.4300,371.7800,42043
2026-09-17 13:40,371.7500,371.8000,371.6300,371.6700,34414
2026-09-17 13:50,371.6879,372.1000,371.5400,371.9750,60449
2026-09-17 14:00,371.9700,372.3800,371.9293,372.1500,79913
2026-09-17 14:10,372.1500,372.4800,372.1200,372.2700,93659
2026-09-17 14:20,372.2900,372.4600,371.8100,372.0200,54834
2026-09-17 14:30,372.0200,372.0200,371.3700,371.4300,38348
2026-09-17 14:40,371.4008,371.5700,371.3000,371.4201,44134
2026-09-17 14:50,371.4650,371.5950,371.3000,371.5500,44934
2026-09-17 15:00,371.5700,371.9099,371.2500,371.2950,60725
2026-09-17 15:10,371.2950,371.2950,370.8600,370.8600,71812
2026-09-17 15:20,370.8500,371.0950,370.7100,370.9600,83151
2026-09-17 15:30,370.9700,370.9700,370.3500,370.4000,112208
2026-09-17 15:40,370.4000,370.6000,369.8600,370.3150,155403
2026-09-17 15:50,370.2100,370.3300,369.5900,369.9350,463815
2026-09-18 09:30,368.5600,369.6441,367.0900,367.8900,1227886
2026-09-18 09:40,367.9950,369.0700,367.5000,368.2675,57714
2026-09-18 09:50,368.3600,368.6000,367.7500,368.2700,97124
2026-09-18 10:00,368.3400,369.0000,368.3400,368.9400,71673
2026-09-18 10:10,368.9450,369.8900,368.6500,369.7650,95545
2026-09-18 10:20,369.7900,369.8832,369.2900,369.6200,64791
2026-09-18 10:30,369.6700,369.7400,369.0301,369.1000,61431
2026-09-18 10:40,369.0501,369.2300,368.7300,368.8600,58997
2026-09-18 10:50,368.8600,369.2968,368.7200,369.2500,64766
2026-09-18 11:00,369.2650,369.3099,368.4900,368.7200,64068
2026-09-18 11:10,368.7200,369.3600,368.6500,369.3200,50303
2026-09-18 11:20,369.3300,370.0800,369.3000,369.9400,71054
2026-09-18 11:30,369.9400,370.3900,369.6700,369.8150,76149
2026-09-18 11:40,369.8100,370.0400,369.4400,369.5050,46088
2026-09-18 11:50,369.5075,369.7200,369.1900,369.5900,53612
2026-09-18 12:00,369.6100,369.9696,369.5200,369.9200,137884
2026-09-18 12:10,369.9100,370.0800,369.6800,369.6950,55069
2026-09-18 12:20,369.7000,369.8300,369.2000,369.5600,56097
2026-09-18 12:30,369.5600,369.8300,369.4300,369.6500,43250
2026-09-18 12:40,369.6800,369.9250,369.4600,369.7450,47017
2026-09-18 12:50,369.7450,370.1400,369.7150,369.9110,54105
2026-09-18 13:00,369.9400,370.1300,369.7400,369.7600,43153
2026-09-18 13:10,369.7300,369.8900,369.5400,369.6450,36292
2026-09-18 13:20,369.6000,369.7400,369.5900,369.6300,37586
2026-09-18 13:30,369.6400,369.7200,369.4701,369.5900,47351
2026-09-18 13:40,369.5800,369.6170,368.9701,369.0400,143180
2026-09-18 13:50,368.9900,369.2324,368.9700,369.0500,48926
2026-09-18 14:00,369.0200,369.3696,368.9200,369.0200,53309
2026-09-18 14:10,369.0300,369.1700,368.9800,369.0700,78741
2026-09-18 14:20,369.1100,369.3300,369.0250,369.2300,64135
2026-09-18 14:30,369.2100,369.2700,368.8400,369.2400,57817
2026-09-18 14:40,369.2400,370.0000,369.2299,369.9800,80841
2026-09-18 14:50,369.9800,370.4000,369.8800,369.9250,74373
2026-09-18 15:00,369.9250,369.9500,369.2000,369.2200,105087
2026-09-18 15:10,369.2000,369.4600,368.7400,369.1100,123388
2026-09-18 15:20,369.1000,369.2000,368.7400,369.0500,130906
2026-09-18 15:30,369.0450,369.8300,368.7500,369.7150,151445
2026-09-18 15:40,369.7150,370.6000,369.6900,370.5500,266046
2026-09-18 15:50,370.5500,370.8000,366.9317,367.6100,1406961
2026-09-21 09:30,369.5400,370.9000,367.3050,367.7100,374646
2026-09-21 09:40,367.6737,367.8000,366.0900,366.2850,94725
2026-09-21 09:50,366.2850,368.2900,366.1000,368.1750,98125
2026-09-21 10:00,368.1750,368.3681,367.5200,368.2200,121080
2026-09-21 10:10,368.2200,368.2200,367.4050,367.8700,81449
2026-09-21 10:20,367.9000,368.3000,367.6200,367.6200,76930
2026-09-21 10:30,367.6400,367.8400,367.3300,367.7800,70239
2026-09-21 10:40,367.8600,368.2900,367.5000,367.9250,64102
2026-09-21 10:50,367.9250,368.0900,367.5000,367.5000,60406
2026-09-21 11:00,367.4800,367.5800,367.1800,367.4695,79715
2026-09-21 11:10,367.4800,368.6700,367.3600,368.6700,71119
2026-09-21 11:20,368.6700,368.7399,367.9000,367.9500,56935
2026-09-21 11:30,367.9500,368.1200,367.7200,367.9900,61166
2026-09-21 11:40,367.9850,368.2400,367.5800,367.6750,36838
2026-09-21 11:50,367.6800,367.9390,367.5700,367.8800,55948
2026-09-21 12:00,367.9000,368.3199,367.7300,368.2500,82122
2026-09-21 12:10,368.2600,368.6500,368.0450,368.0450,60485
2026-09-21 12:20,368.0500,368.0900,367.6600,367.6800,73689
2026-09-21 12:30,367.6600,368.0750,367.6100,367.9200,65572
2026-09-21 12:40,367.8600,368.1600,367.8200,368.1250,36920
2026-09-21 12:50,368.1250,368.1500,367.8700,368.0150,58048
2026-09-21 13:00,368.0400,368.2899,368.0000,368.0800,38602
2026-09-21 13:10,368.1075,368.6300,368.1075,368.5550,45872
2026-09-21 13:20,368.5400,368.6407,368.2600,368.3600,67645
2026-09-21 13:30,368.3100,368.3200,367.9300,368.0300,55012
2026-09-21 13:40,368.0300,368.0930,367.8300,367.8600,65273
2026-09-21 13:50,367.8800,368.3300,367.8500,368.0350,56784
2026-09-21 14:00,368.0799,368.2300,367.5600,367.5600,61943
2026-09-21 14:10,367.6100,367.6499,367.1201,367.2800,54549
2026-09-21 14:20,367.3500,368.3200,367.3300,368.2100,73019
2026-09-21 14:30,368.2400,368.2800,367.9900,368.0300,69740
2026-09-21 14:40,368.0200,368.9000,368.0200,368.8900,75108
2026-09-21 14:50,368.9200,369.3400,368.5800,369.2700,205112
2026-09-21 15:00,369.2700,369.5000,369.2350,369.4250,86670
2026-09-21 15:10,369.4500,369.5800,369.2050,369.4650,86720
2026-09-21 15:20,369.4650,369.9650,369.3600,369.7100,211235
2026-09-21 15:30,369.7100,369.8600,369.4350,369.6900,139134
2026-09-21 15:40,369.6200,370.6040,369.4400,370.1050,113869
2026-09-21 15:50,370.0200,370.2600,369.8100,369.9400,350010
2026-09-22 09:30,371.7600,372.0000,369.0600,369.8500,176296
2026-09-22 09:40,369.6300,369.6600,368.3500,368.6400,79245
2026-09-22 09:50,368.6300,368.7900,367.2701,368.1100,116251
2026-09-22 10:00,367.9800,368.9300,367.8600,368.3400,101856
2026-09-22 10:10,368.3450,368.3450,366.2500,366.5400,102732
2026-09-22 10:20,366.5850,366.9600,364.5600,364.6368,126661
2026-09-22 10:30,364.6600,365.3800,363.2100,364.9300,149487
2026-09-22 10:40,365.0300,365.4300,364.8100,364.9700,83396
2026-09-22 10:50,364.9950,365.5580,364.7300,365.1650,84222
2026-09-22 11:00,365.1200,365.2600,363.9500,364.0200,53867
2026-09-22 11:10,364.0155,364.5700,363.3300,364.2900,101145
2026-09-22 11:20,364.2000,364.2800,361.8900,362.4600,120759
2026-09-22 11:30,362.3800,362.4400,360.0900,360.2999,340787
2026-09-22 11:40,360.1400,360.7500,359.9500,360.7250,213982
2026-09-22 11:50,360.7250,360.7600,359.8000,360.5700,121191
2026-09-22 12:00,360.5780,361.5100,360.1450,361.5100,120394
2026-09-22 12:10,361.5400,362.5650,361.1800,361.4500,106303
2026-09-22 12:20,361.4694,362.8700,361.3200,362.8078,137274
2026-09-22 12:30,362.8300,363.7099,362.7000,363.6200,140390
2026-09-22 12:40,363.6200,364.0000,363.3500,363.9350,91166
2026-09-22 12:50,363.9350,364.0600,363.5000,364.0400,129639
2026-09-22 13:00,364.0000,364.0000,362.7300,362.9200,63927
2026-09-22 13:10,362.9599,363.1400,362.7100,362.9300,48994
2026-09-22 13:20,362.9300,363.7622,362.9300,363.5700,48782
2026-09-22 13:30,363.5973,363.7800,363.1500,363.5900,77475
2026-09-22 13:40,363.5700,363.5904,363.1800,363.3450,69299
2026-09-22 13:50,363.3650,363.5000,362.9300,362.9800,84975
2026-09-22 14:00,362.9850,363.0800,362.2250,362.6350,102245
2026-09-22 14:10,362.6450,363.0000,362.3900,362.5550,75891
2026-09-22 14:20,362.5550,362.5604,362.0700,362.3800,72975
2026-09-22 14:30,362.3850,363.6500,362.3200,363.5800,91768
2026-09-22 14:40,363.5800,364.1400,363.5200,363.9200,104572
2026-09-22 14:50,363.9100,364.1900,363.2200,363.2600,138285
2026-09-22 15:00,363.2200,363.4800,363.0200,363.1350,111175
2026-09-22 15:10,363.1350,363.3750,362.7500,362.7900,132070
2026-09-22 15:20,362.7800,363.1500,362.6500,362.8600,196437
2026-09-22 15:30,362.8650,363.3500,362.6450,362.7800,284963
2026-09-22 15:40,362.7500,363.1700,362.5450,363.1100,165175
2026-09-22 15:50,363.0700,363.1500,361.7500,362.1400,633716
2026-09-23 09:30,361.2400,366.0800,360.0000,365.7100,256154
2026-09-23 09:40,365.8669,366.3300,364.1000,364.4500,153146
2026-09-23 09:50,364.4150,364.5900,362.0100,362.0100,88826
2026-09-23 10:00,362.0650,362.8650,360.5700,362.5850,133919
2026-09-23 10:10,362.5900,363.9400,362.3077,363.8200,131899
2026-09-23 10:20,363.8100,364.0300,363.1000,363.5400,98538
2026-09-23 10:30,363.5850,364.4500,363.4350,363.5400,110681
2026-09-23 10:40,363.5600,364.1325,363.2600,363.5800,68963
2026-09-23 10:50,363.5600,363.7000,362.6433,362.6900,97810
2026-09-23 11:00,362.7400,363.2775,362.5600,363.2500,151148
2026-09-23 11:10,363.3000,363.3100,362.5801,362.7300,73111
2026-09-23 11:20,362.8200,363.3700,362.5400,362.6100,110459
2026-09-23 11:30,362.6100,363.1300,362.4500,362.9800,60837
2026-09-23 11:40,362.9800,363.1550,362.9100,363.1300,80443
2026-09-23 11:50,363.1300,363.6450,363.0300,363.6400,62356
2026-09-23 12:00,363.5900,363.9200,363.3300,363.5300,55552
2026-09-23 12:10,363.4900,363.6300,362.7600,362.8600,60959
2026-09-23 12:20,362.7900,363.3000,362.7700,363.2600,56969
2026-09-23 12:30,363.2450,363.3734,362.8400,363.0550,41965
2026-09-23 12:40,363.0550,363.1800,362.5600,362.6600,54217
2026-09-23 12:50,362.6550,363.0400,362.6500,362.9200,48731
2026-09-23 13:00,362.9050,363.0200,362.0700,362.4600,115739
2026-09-23 13:10,362.4600,362.6950,362.3900,362.5600,43105
2026-09-23 13:20,362.5100,362.6500,362.2400,362.2450,49086
2026-09-23 13:30,362.2300,362.5500,361.5750,361.6850,64842
2026-09-23 13:40,361.6800,362.0700,361.6400,361.8850,47922
2026-09-23 13:50,361.8850,362.1800,361.6300,362.0850,63843
2026-09-23 14:00,362.0900,362.0900,361.4300,361.7800,65380
2026-09-23 14:10,361.8050,361.9200,361.5250,361.6601,54742
2026-09-23 14:20,361.6100,361.7500,361.3300,361.4051,59444
2026-09-23 14:30,361.3900,361.4600,361.1000,361.4000,71044
2026-09-23 14:40,361.3700,361.6699,361.3300,361.4800,51954
2026-09-23 14:50,361.4800,361.7550,361.3900,361.4500,52769
2026-09-23 15:00,361.4500,361.5300,361.0000,361.2300,87417
2026-09-23 15:10,361.2000,361.6500,361.1700,361.3950,74881
2026-09-23 15:20,361.3950,361.4099,361.0200,361.2100,114939
2026-09-23 15:30,361.1400,361.3500,361.0400,361.2450,143474
2026-09-23 15:40,361.2450,361.4136,361.0300,361.1500,167425
2026-09-23 15:50,361.1900,361.8000,360.8000,361.5600,446312
2026-09-24 09:30,362.2700,365.7200,362.0000,362.6300,212510
2026-09-24 09:40,362.5680,364.0700,362.1700,364.0700,103713
2026-09-24 09:50,363.9500,365.4700,363.9200,365.3500,108088
2026-09-24 10:00,365.1900,367.8200,364.9700,367.6100,131576
2026-09-24 10:10,367.7200,368.2100,366.9500,367.2900,111968
2026-09-24 10:20,367.2950,367.3100,366.1675,366.2200,115154
2026-09-24 10:30,366.2100,366.6800,365.6101,366.2500,50304
2026-09-24 10:40,366.3100,366.3200,365.1800,365.4900,57081
2026-09-24 10:50,365.5500,365.6500,364.7100,364.8800,50138
2026-09-24 11:00,364.8700,365.9400,364.5750,365.4550,81346
2026-09-24 11:10,365.4900,365.6525,364.6200,365.3750,74803
2026-09-24 11:20,365.3750,365.8600,365.2500,365.4250,55371
2026-09-24 11:30,365.4250,365.7500,365.1101,365.6100,55088
2026-09-24 11:40,365.6100,365.8100,365.3601,365.5699,39468
2026-09-24 11:50,365.4700,365.5500,365.1775,365.3250,38347
2026-09-24 12:00,365.3825,365.5819,365.2550,365.3006,49069
2026-09-24 12:10,365.3250,365.7400,364.5000,364.7150,156456
2026-09-24 12:20,364.7000,366.0750,364.3400,365.5900,222515
2026-09-24 12:30,365.6000,366.1800,365.3700,366.1000,39337
2026-09-24 12:40,366.1250,366.2500,365.3200,366.1400,65619
2026-09-24 12:50,366.1700,366.3900,365.3250,365.3250,64238
2026-09-24 13:00,365.2900,365.5500,364.6700,365.3350,63336
2026-09-24 13:10,365.2600,366.3300,365.1000,365.6450,67927
2026-09-24 13:20,365.6500,365.7600,365.2900,365.6000,44244
2026-09-24 13:30,365.6400,366.3200,365.5500,366.3200,68293
2026-09-24 13:40,366.2400,366.3600,365.7350,365.7550,51711
2026-09-24 13:50,365.7400,366.1500,365.6450,365.8800,47753
2026-09-24 14:00,365.8850,366.5350,365.8600,366.1200,100135
2026-09-24 14:10,366.1300,366.5900,365.7700,366.3250,96671
2026-09-24 14:20,366.3250,366.4600,366.0100,366.2900,85577
2026-09-24 14:30,366.2314,366.6500,366.0150,366.6500,63205
2026-09-24 14:40,366.6300,366.6900,366.1600,366.4350,55039
2026-09-24 14:50,366.3700,366.8000,366.2700,366.6200,48181
2026-09-24 15:00,366.6200,366.8900,366.2498,366.8500,55390
2026-09-24 15:10,366.8500,366.9700,366.4900,366.7400,65796
2026-09-24 15:20,366.7100,367.1700,366.5800,367.1300,94294
2026-09-24 15:30,367.0800,367.4800,367.0300,367.3800,91558
2026-09-24 15:40,367.3800,367.7650,367.2300,367.5400,107311
2026-09-24 15:50,367.5000,368.0900,367.4500,367.8200,346854
2026-09-25 09:30,366.0200,368.3347,365.7950,366.3400,146558
2026-09-25 09:40,366.3690,366.6900,365.0100,365.4700,148993
2026-09-25 09:50,365.5400,366.0650,365.1500,365.7000,192722
2026-09-25 10:00,365.7300,365.8100,363.7900,364.6450,133071
2026-09-25 10:10,364.6600,365.6000,363.9200,365.2700,151793
2026-09-25 10:20,365.2950,366.3400,364.9900,366.3400,75942
2026-09-25 10:30,366.3400,366.4300,365.8000,366.1500,90902
2026-09-25 10:40,366.0800,366.6290,365.6500,365.9600,52633
2026-09-25 10:50,366.0550,366.1300,365.3600,365.9100,85663
2026-09-25 11:00,365.8800,366.4600,365.8400,366.4350,42665
2026-09-25 11:10,366.4900,366.4900,365.7800,366.1750,74335
2026-09-25 11:20,366.1650,366.5600,366.0100,366.1900,70844
2026-09-25 11:30,366.1300,366.9675,366.1103,366.6900,53957
2026-09-25 11:40,366.7700,366.9000,365.7000,365.9600,63367
2026-09-25 11:50,365.9380,366.7500,365.9380,366.1550,101323
2026-09-25 12:00,366.1750,367.4900,366.1100,367.1800,98026
2026-09-25 12:10,367.1400,367.1750,366.6250,366.7800,53125
2026-09-25 12:20,366.7800,367.0500,366.5700,366.9350,54912
2026-09-25 12:30,366.9400,367.3335,366.7800,367.1900,51193
2026-09-25 12:40,367.3100,367.7700,366.6400,367.3000,93928
2026-09-25 12:50,367.2944,367.6600,367.2000,367.4164,55836
2026-09-25 13:00,367.4200,367.7300,367.1900,367.4400,45839
2026-09-25 13:10,367.5200,367.8900,367.2300,367.2300,43010
2026-09-25 13:20,367.2800,367.6300,367.1948,367.5950,51441
2026-09-25 13:30,367.6100,367.9000,367.2100,367.5550,72257
2026-09-25 13:40,367.6013,367.7200,367.4550,367.4900,56021
2026-09-25 13:50,367.5000,367.7500,367.3600,367.6500,53395
2026-09-25 14:00,367.6450,367.9400,367.4600,367.5650,46281
2026-09-25 14:10,367.5650,367.9500,367.4600,367.8600,44838
2026-09-25 14:20,367.8700,368.1000,367.7200,367.9250,39805
2026-09-25 14:30,367.9250,368.1800,367.5700,367.7500,56731
2026-09-25 14:40,367.6800,368.2050,367.6800,367.9500,75879
2026-09-25 14:50,367.8800,367.9620,367.2600,367.4200,49617
2026-09-25 15:00,367.5200,367.7400,367.1900,367.2880,68151
2026-09-25 15:10,367.2800,367.3500,367.0501,367.0700,74802
2026-09-25 15:20,367.0700,367.1400,366.7950,366.9700,103350
2026-09-25 15:30,367.0100,367.2899,366.5401,367.1800,117926
2026-09-25 15:40,367.1800,367.4550,367.0300,367.0850,119359
2026-09-25 15:50,367.1300,367.5400,366.9200,367.3000,457794
2026-09-28 09:30,366.7000,368.7700,366.0604,368.5100,353438
2026-09-28 09:40,368.6493,369.3700,367.7100,369.1600,167506
2026-09-28 09:50,369.2500,369.6000,368.9300,369.5300,102515
2026-09-28 10:00,369.5300,370.1990,369.2300,369.8900,160326
2026-09-28 10:10,369.9000,370.3700,369.5800,369.6892,104811
2026-09-28 10:20,369.6600,369.6825,368.6400,368.8200,98352
2026-09-28 10:30,368.8100,369.1950,368.2600,368.7300,90156
2026-09-28 10:40,368.7794,368.8500,367.6200,367.7000,94309
2026-09-28 10:50,367.6950,367.9300,367.4300,367.6709,79109
2026-09-28 11:00,367.5400,367.7750,367.0900,367.7400,86288
2026-09-28 11:10,367.8000,368.4900,367.6400,368.1500,70405
2026-09-28 11:20,368.1900,368.1900,367.0800,367.2100,84027
2026-09-28 11:30,367.2550,367.5300,366.9100,367.3560,58357
2026-09-28 11:40,367.4000,368.2050,367.2800,368.1500,64159
2026-09-28 11:50,368.1400,368.3500,367.9000,368.1900,79767
2026-09-28 12:00,368.2350,368.8750,368.1800,368.7400,74298
2026-09-28 12:10,368.7400,369.0200,368.4400,368.7200,67439
2026-09-28 12:20,368.7000,369.1400,368.5100,369.0700,72474
2026-09-28 12:30,369.0950,369.3950,368.7500,369.2800,90473
2026-09-28 12:40,369.3000,369.4600,368.6300,368.9808,82855
2026-09-28 12:50,369.0000,369.6499,368.9600,369.4800,67869
2026-09-28 13:00,369.4500,369.8300,369.4000,369.7300,57402
2026-09-28 13:10,369.7600,370.5000,369.2000,369.2000,102317
2026-09-28 13:20,369.1950,369.2500,368.8200,369.0900,53812
2026-09-28 13:30,369.0000,369.3500,368.6600,369.1700,65219
2026-09-28 13:40,369.1800,369.5200,369.1500,369.3200,62420
2026-09-28 13:50,369.3400,369.4100,369.1400,369.3200,41069
2026-09-28 14:00,369.3700,369.6184,369.2900,369.3475,75465
2026-09-28 14:10,369.3500,369.6700,369.3100,369.5500,61856
2026-09-28 14:20,369.5700,369.7300,369.0300,369.0300,63213
2026-09-28 14:30,369.0600,369.2500,368.7700,368.9474,78182
2026-09-28 14:40,368.9800,369.0200,368.5900,368.8800,61668
2026-09-28 14:50,368.8800,368.9900,368.5700,368.9900,75129
2026-09-28 15:00,369.0300,369.3650,368.8600,369.3300,76208
2026-09-28 15:10,369.3150,369.4400,369.1000,369.1700,102101
2026-09-28 15:20,369.1750,369.1750,368.8150,369.0000,116371
2026-09-28 15:30,369.0000,369.0300,368.4200,368.8401,111873
2026-09-28 15:40,368.8350,369.2250,368.7500,368.9000,135614
2026-09-28 15:50,368.9450,369.1300,367.5800,367.8200,612130
2026-09-29 09:30,366.9300,367.5000,365.4700,366.7140,179912
2026-09-29 09:40,366.6477,368.2100,366.6200,368.2100,96222
2026-09-29 09:50,368.1900,368.2600,367.0200,367.0200,85251
2026-09-29 10:00,366.9900,367.3500,366.1700,366.1700,96567
2026-09-29 10:10,366.1000,367.0726,365.9500,366.7000,141970
2026-09-29 10:20,366.6250,366.8400,366.3500,366.5450,77667
2026-09-29 10:30,366.5400,366.9500,366.2100,366.5750,100561
2026-09-29 10:40,366.5750,367.0700,366.2800,366.9800,80648
2026-09-29 10:50,366.9300,367.5000,366.7800,366.9600,74721
2026-09-29 11:00,367.0000,367.1000,366.3150,366.4500,77362
2026-09-29 11:10,366.4500,366.5200,366.0000,366.2450,85898
2026-09-29 11:20,366.2500,366.6350,366.0500,366.3401,71009
2026-09-29 11:30,366.4000,366.9900,366.4000,366.4100,97061
2026-09-29 11:40,366.4200,366.8400,366.2900,366.3600,59069
2026-09-29 11:50,366.3600,366.4300,365.7900,365.7900,52326
2026-09-29 12:00,365.8300,365.8600,365.0200,365.2900,69839
2026-09-29 12:10,365.2600,365.4494,365.0900,365.4050,64133
2026-09-29 12:20,365.4150,365.6000,365.0000,365.0800,75663
2026-09-29 12:30,365.0850,365.6600,365.0850,365.6550,49494
2026-09-29 12:40,365.7200,366.4500,365.4400,366.2250,66655
2026-09-29 12:50,366.1969,366.8400,366.1700,366.7500,68260
2026-09-29 13:00,366.7200,366.7500,366.4000,366.5000,56136
2026-09-29 13:10,366.5300,366.9200,366.5200,366.7150,46540
2026-09-29 13:20,366.7200,366.9900,366.6400,366.8800,49954
2026-09-29 13:30,366.9000,367.1700,366.7900,366.8600,59192
2026-09-29 13:40,366.9200,366.9700,366.6800,366.9050,64042
2026-09-29 13:50,367.0000,367.0250,366.6900,366.8800,49530
2026-09-29 14:00,366.9000,367.0800,366.3200,366.3927,60990
2026-09-29 14:10,366.4400,367.0650,366.4100,366.8250,45249
2026-09-29 14:20,366.8900,367.3600,366.8300,367.2900,103093
2026-09-29 14:30,367.2524,367.6100,367.0700,367.5550,66487
2026-09-29 14:40,367.5650,367.9800,367.5200,367.8200,58885
2026-09-29 14:50,367.8200,367.8300,367.1800,367.4227,50452
2026-09-29 15:00,367.4500,367.7500,367.2800,367.5900,70861
2026-09-29 15:10,367.6100,367.6600,367.4000,367.6400,74042
2026-09-29 15:20,367.6000,367.6700,366.7100,367.2719,121145
2026-09-29 15:30,367.1850,367.2650,366.8300,366.9600,102431
2026-09-29 15:40,366.9400,367.0400,366.6000,366.9500,100900
2026-09-29 15:50,366.9900,367.0000,365.8400,366.0200,435034
2026-09-30 09:30,364.5000,364.6000,361.2000,361.9100,369238
2026-09-30 09:40,361.8741,362.9350,361.1200,362.8900,151925
2026-09-30 09:50,362.8300,362.9400,361.1800,361.3800,150966
2026-09-30 10:00,361.3650,362.0600,361.1000,361.7801,142821
2026-09-30 10:10,361.7800,362.2200,361.5000,362.2200,103301
2026-09-30 10:20,362.1600,362.8158,361.9400,362.2000,74564
2026-09-30 10:30,362.0600,362.9930,361.9100,362.7475,85769
2026-09-30 10:40,362.7700,363.4098,362.7000,363.1300,69295
2026-09-30 10:50,363.1350,364.3000,362.9400,363.3700,111096
2026-09-30 11:00,363.3200,363.3200,362.8500,363.0950,83154
2026-09-30 11:10,363.1500,363.6721,362.7500,363.2847,67722
2026-09-30 11:20,363.2550,363.4194,362.8850,363.1150,49233
2026-09-30 11:30,363.1600,363.3700,362.1100,362.3650,66513
2026-09-30 11:40,362.3000,362.6500,362.1200,362.2400,66818
2026-09-30 11:50,362.2500,362.2800,361.5500,362.0100,85264
2026-09-30 12:00,362.0300,362.4600,361.8600,361.9900,47286
2026-09-30 12:10,361.9600,362.1500,361.7300,361.8600,49842
2026-09-30 12:20,361.8600,361.8700,361.2100,361.2201,63140
2026-09-30 12:30,361.2000,361.5850,360.8500,360.9900,72142
2026-09-30 12:40,360.9900,361.1550,360.4001,360.6800,81746
2026-09-30 12:50,360.6400,361.1300,360.6300,360.9700,55837
2026-09-30 13:00,360.9300,361.0000,360.1750,360.1750,71642
2026-09-30 13:10,360.2100,360.5050,359.8400,359.9600,93098
2026-09-30 13:20,359.9400,360.0271,359.6100,359.8350,42959
2026-09-30 13:30,359.8350,361.3700,359.8250,361.3100,111638
2026-09-30 13:40,361.3000,361.7500,361.1000,361.3650,88758
2026-09-30 13:50,361.2700,361.5100,361.2500,361.3850,66288
2026-09-30 14:00,361.3750,361.5800,361.1500,361.3500,55162
2026-09-30 14:10,361.3550,361.5200,361.3000,361.3750,49217
2026-09-30 14:20,361.3750,361.4000,360.6500,360.9699,97960
2026-09-30 14:30,360.9050,361.2500,360.8700,361.2350,72104
2026-09-30 14:40,361.2000,361.2500,360.3600,360.5150,97287
2026-09-30 14:50,360.4800,360.5800,360.2100,360.2800,132637
2026-09-30 15:00,360.2600,360.8550,360.2600,360.7100,110009
2026-09-30 15:10,360.7100,361.2500,360.6900,361.1000,87054
2026-09-30 15:20,361.1050,361.1500,360.7600,360.9700,88474
2026-09-30 15:30,360.9400,360.9795,360.1500,360.3400,194386
2026-09-30 15:40,360.3390,360.7000,359.9800,360.0325,236835
2026-09-30 15:50,359.9600,360.6600,359.4200,359.4200,658078
2026-10-01 09:30,358.3500,363.2390,358.3500,361.5100,328967
2026-10-01 09:40,361.5439,362.0400,360.1601,361.5400,112843
2026-10-01 09:50,361.4536,361.8150,359.9550,360.0650,93590
2026-10-01 10:00,359.8500,360.3100,359.0100,359.9101,113691
2026-10-01 10:10,360.0200,360.2950,359.5400,360.2950,82502
2026-10-01 10:20,360.1900,360.7200,359.4650,359.4650,65900
2026-10-01 10:30,359.4600,359.7900,359.0000,359.5500,122888
2026-10-01 10:40,359.5500,359.6725,358.5100,358.6100,84596
2026-10-01 10:50,358.6100,359.0450,358.3700,358.5500,61625
2026-10-01 11:00,358.5800,358.7300,357.9100,358.2300,76088
2026-10-01 11:10,358.2300,358.4640,357.8000,358.0200,113570
2026-10-01 11:20,358.0200,358.2199,357.3550,357.5600,117314
2026-10-01 11:30,357.5349,358.1200,357.4900,358.1050,87500
2026-10-01 11:40,358.0600,358.9900,358.0500,358.8150,64669
2026-10-01 11:50,358.8150,359.1800,358.4200,358.8050,100301
2026-10-01 12:00,358.8600,359.2600,358.4300,358.6550,69967
2026-10-01 12:10,358.6550,359.1350,358.4800,358.7200,53443
2026-10-01 12:20,358.7000,359.4100,358.6450,359.0250,51659
2026-10-01 12:30,359.0300,359.6600,358.8950,359.5850,61735
2026-10-01 12:40,359.6150,359.6450,359.1700,359.1700,59382
2026-10-01 12:50,359.2300,359.3500,358.7100,358.7400,60331
2026-10-01 13:00,358.7400,359.0050,358.5900,358.6000,45529
2026-10-01 13:10,358.5800,359.0400,358.5000,359.0200,76549
2026-10-01 13:20,358.9300,359.1537,358.5400,358.6200,42977
2026-10-01 13:30,358.6300,359.1995,358.5610,359.1400,45318
2026-10-01 13:40,359.1900,359.5500,359.0300,359.3150,50325
2026-10-01 13:50,359.3150,359.4700,358.8900,359.0200,58537
2026-10-01 14:00,359.0400,359.2200,358.6200,358.7930,55828
2026-10-01 14:10,358.7900,359.1900,358.7900,359.0000,45329
2026-10-01 14:20,359.0300,359.6100,358.7600,359.5900,54795
2026-10-01 14:30,359.5810,360.0200,359.4100,359.7600,52548
2026-10-01 14:40,359.7950,359.9400,359.5950,359.7500,66117
2026-10-01 14:50,359.7500,360.0000,359.6700,359.8500,61456
2026-10-01 15:00,359.8700,360.1700,359.6200,359.8700,74781
2026-10-01 15:10,359.8500,360.1900,359.7850,360.1200,68538
2026-10-01 15:20,360.1100,360.1900,359.8500,360.0300,88302
2026-10-01 15:30,360.0300,360.3851,359.9150,360.1250,74257
2026-10-01 15:40,360.1150,360.4550,360.0800,360.3100,87192
2026-10-01 15:50,360.3600,360.7800,359.6800,359.9700,426618
2026-10-02 09:30,360.2100,360.3100,356.7500,358.9500,271503
2026-10-02 09:40,358.8850,359.9040,358.3100,359.5100,131431
2026-10-02 09:50,359.5400,359.9600,358.1400,358.9800,113816
2026-10-02 10:00,359.0670,359.9600,358.8200,359.8700,79756
2026-10-02 10:10,359.8700,360.2567,359.5200,360.1338,64649
2026-10-02 10:20,360.2700,360.4300,359.7500,359.9700,60954
2026-10-02 10:30,360.0600,360.5100,359.8604,360.2200,51983
2026-10-02 10:40,360.2100,360.4900,360.0000,360.2801,61479
2026-10-02 10:50,360.3100,360.3100,359.3800,359.4500,80777
2026-10-02 11:00,359.4700,359.7650,359.1650,359.1650,59969
2026-10-02 11:10,359.1400,359.2813,358.4000,359.1000,108789
2026-10-02 11:20,359.0200,359.7550,358.9600,359.5950,53502
2026-10-02 11:30,359.6400,359.7800,359.3600,359.4950,63330
2026-10-02 11:40,359.5300,359.6900,359.0700,359.1400,63813
2026-10-02 11:50,359.1475,359.5200,359.0100,359.5200,63301
2026-10-02 12:00,359.4800,359.8800,359.4100,359.7900,58931
2026-10-02 12:10,359.7900,360.0200,359.5600,359.8850,52272
2026-10-02 12:20,359.9000,360.1150,359.7500,359.8750,35768
2026-10-02 12:30,359.9100,360.0900,359.7501,360.0700,28731
2026-10-02 12:40,360.0899,360.1300,359.9200,360.0500,36501
2026-10-02 12:50,360.0350,360.2450,359.9900,360.1600,41883
2026-10-02 13:00,360.1900,360.9000,360.1650,360.8300,53495
2026-10-02 13:10,360.8400,360.9400,360.5041,360.8400,37471
2026-10-02 13:20,360.8500,361.1200,360.6400,360.8250,44410
2026-10-02 13:30,360.9100,361.0900,360.8300,360.9453,39582
2026-10-02 13:40,360.9500,361.1000,360.6400,360.7400,30639
2026-10-02 13:50,360.7350,361.0900,360.6500,360.7900,40746
2026-10-02 14:00,360.8500,361.1799,360.6300,360.8400,59938
2026-10-02 14:10,360.9000,360.9000,360.5500,360.6300,45216
2026-10-02 14:20,360.6700,360.9600,360.6300,360.8950,60170
2026-10-02 14:30,360.9100,361.1800,360.8100,360.9500,64228
2026-10-02 14:40,360.9600,361.0600,360.8350,360.8700,42358
2026-10-02 14:50,360.8800,361.0000,360.7350,360.9600,43334
2026-10-02 15:00,360.9500,361.3500,360.9500,361.3100,46245
2026-10-02 15:10,361.3150,361.3800,360.7900,361.2000,77657
2026-10-02 15:20,361.1400,361.2950,360.9500,361.1500,84382
2026-10-02 15:30,361.1600,361.1800,360.6200,360.6200,69975
2026-10-02 15:40,360.6700,361.0800,360.5000,360.6099,66974
2026-10-02 15:50,360.6100,361.1500,360.3500,360.7200,278576
