Date,ShortVolume,ShortExemptVolume,TotalVolume
2023-01-03,91151,1120,155840
2023-01-04,167070,939,378681
2023-01-05,178551,6274,376269
2023-01-06,73573,797,255673
2023-01-09,284271,2000,541676
2023-01-10,88306,1244,320788
2023-01-11,112604,7766,412343
2023-01-12,294389,18026,1024020
2023-01-13,367513,0,1170158
2023-01-17,265495,3291,956260
2023-01-18,328921,25119,671830
2023-01-19,99878,13722,345041
2023-01-20,286965,7912,579659
2023-01-23,299067,8448,499178
2023-01-24,229978,19750,532318
2023-01-25,352007,4777,717463
2023-01-26,525825,14687,796580
2023-01-27,296383,7504,512936
2023-01-30,468015,458,825929
2023-01-31,336226,18790,671703
2023-02-01,346964,2775,615515
2023-02-02,3759369,91379,9586128
2023-02-03,1501755,108463,3095129
2023-02-06,1090314,11106,2690534
2023-02-07,831784,1200,2432880
2023-02-08,380735,3222,1093404
2023-02-09,345766,10112,652135
2023-02-10,333263,14725,911515
2023-02-13,206031,3980,451667
2023-02-14,1298166,23518,2573652
2023-02-15,746480,29082,2016103
2023-02-16,478187,5898,1258971
2023-02-17,578507,4155,982850
2023-02-21,956465,8224,1850438
2023-02-22,632624,900,1258519
2023-02-23,258464,1204,533311
2023-02-24,180743,4600,411244
2023-02-27,313073,500,481999
2023-02-28,332336,29610,586330
2023-03-01,364030,1883,690005
2023-03-02,495504,5697,3216055
2023-03-03,468331,700,982302
2023-03-06,489948,4312,1064091
2023-03-07,425202,694,876385
2023-03-08,546554,13549,1121173
2023-03-09,451820,3822,815745
2023-03-10,631995,4595,968400
2023-03-13,891910,5550,1462789
2023-03-14,425504,37628,1135288
2023-03-15,623065,13249,1447789
2023-03-16,958090,32220,1330176
2023-03-17,847963,3354,1694338
2023-03-20,2562402,6974,4729839
2023-03-21,1772366,23934,3550304
2023-03-22,1942764,13764,3716354
2023-03-23,799915,21857,1383015
2023-03-24,869228,12360,1248183
2023-03-27,766901,1559,1439370
2023-03-28,377043,4348,690532
2023-03-29,364612,4217,835409
2023-03-30,511677,0,955915
2023-03-31,1588739,915,3097151
2023-04-03,1320002,21334,2117887
2023-04-04,586462,11989,999887
2023-04-05,504050,26028,909016
2023-04-06,788359,18007,1332313
2023-04-10,1247758,32369,2670217
2023-04-11,2947516,51697,5161995
2023-04-12,2469845,256876,3476337
2023-04-13,1680945,187633,2847375
2023-04-14,1607687,7040,2774790
2023-04-17,1178804,18505,2247619
2023-04-18,1647680,25521,2569300
2023-04-19,909770,40694,1291506
2023-04-20,1070720,17438,2146683
2023-04-21,774573,23437,1565340
2023-04-24,461012,30447,949706
2023-04-25,643056,18997,1368410
2023-04-26,3219433,88775,6156729
2023-04-27,1430256,36018,2539203
2023-04-28,1064724,55324,2567222
2023-05-01,1081782,73470,1693614
2023-05-02,1071261,92337,1760286
2023-05-03,1090158,72132,1734730
2023-05-04,689230,35189,1298390
2023-05-05,544424,19816,1075071
2023-05-08,783757,15315,1338597
2023-05-09,357269,62290,765411
2023-05-10,1019507,37331,1863175
2023-05-11,950493,27196,1580958
2023-05-12,323365,59099,1072915
2023-05-15,806741,1102,1337728
2023-05-16,225844,25035,613317
2023-05-17,291672,9252,781335
2023-05-18,210044,6674,808944
2023-05-19,199198,4405,614150
2023-05-22,259439,13203,864466
2023-05-23,464605,4578,910470
2023-05-24,551526,0,918846
2023-05-25,567664,3374,889395
2023-05-26,349775,11484,724201
2023-05-30,595598,15492,1550966
2023-05-31,909352,7333,1369286
2023-06-01,626680,9907,971486
2023-06-02,511985,5376,1097815
2023-06-05,1107729,18220,1852419
2023-06-06,553926,17814,1075571
2023-06-07,443548,41547,792231
2023-06-08,211314,5584,499784
2023-06-09,460416,4398,995785
2023-06-12,274474,25905,749155
2023-06-13,415796,9613,1075788
2023-06-14,283331,16488,1024959
2023-06-15,682691,20545,1452134
2023-06-16,634889,34606,1424348
2023-06-20,889729,23757,2291517
2023-06-21,1643439,59129,3035722
2023-06-22,811576,31404,1512555
2023-06-23,919885,31177,2613630
2023-06-26,1270311,5983,2175107
2023-06-27,962932,23658,2008893
2023-06-28,1048754,33355,1730622
2023-06-29,795791,12855,1615976
2023-06-30,957018,28286,2015795
2023-07-03,753964,29538,2680148
2023-07-05,867122,23288,3341876
2023-07-06,1870704,53648,3720562
2023-07-07,1188675,17477,4062937
2023-07-10,1923647,36624,4092788
2023-07-11,2601703,46899,4283124
2023-07-12,2274741,101373,4317687
2023-07-13,2088769,124485,5471618
2023-07-14,2268464,116271,3909274
2023-07-17,1374170,80825,3195293
2023-07-18,1703052,57845,3000176
2023-07-19,1576223,42494,4160495
2023-07-20,2055176,31377,3882903
2023-07-21,1701021,33227,3143979
2023-07-24,1433939,71203,2693997
2023-07-25,1517449,76208,4071800
2023-07-26,1658370,67714,3662727
2023-07-27,1731485,27743,2924839
2023-07-28,1318955,36050,2946924
2023-07-31,3792709,150339,7130473
2023-08-01,1722147,79785,4396199
2023-08-02,1308613,154192,3141942
2023-08-03,619471,29412,2324976
2023-08-04,564621,15243,1793382
2023-08-07,625372,68101,2628391
2023-08-08,1199659,111603,3564506
2023-08-09,1770809,27744,2913710
2023-08-10,1928722,21805,3714761
2023-08-11,1320391,3714,2554690
2023-08-14,2025371,57573,3646234
2023-08-15,1058787,72801,2180116
2023-08-16,994584,18272,2654764
2023-08-17,722662,28718,2843865
2023-08-18,1111461,24220,3130807
2023-08-21,1104506,4853,2276426
2023-08-22,1413910,27866,2417247
2023-08-23,1175567,83631,3218151
2023-08-24,894037,38741,2020982
2023-08-25,427472,15359,1289518
2023-08-28,568834,17123,1714933
2023-08-29,1481447,76604,4475369
2023-08-30,1025536,22577,2690248
2023-08-31,686677,17020,2012698
2023-09-01,1004458,8472,1973927
2023-09-05,872288,9340,1646903
2023-09-06,841720,6687,2079839
2023-09-07,791107,6552,1742944
2023-09-08,692110,12644,1347422
2023-09-11,717799,57951,1723147
2023-09-12,1622936,58326,3681123
2023-09-13,1154496,21100,2033580
2023-09-14,1924317,18118,4235465
2023-09-15,1286222,4845,2569013
2023-09-18,1673372,28108,3092294
2023-09-19,867963,9338,2334035
2023-09-20,533516,16580,1295609
2023-09-21,706890,13648,2348888
2023-09-22,654485,10611,1768138
2023-09-25,422955,6475,1492200
2023-09-26,855415,19647,2415107
2023-09-27,1054399,23416,2131814
2023-09-28,1162966,17372,3638337
2023-09-29,2065369,4415,3302978
2023-10-02,2683161,24187,5017250
2023-10-03,1740219,115790,3260254
2023-10-04,1173972,52019,2388977
2023-10-05,1608047,32619,2258565
2023-10-06,1733262,38179,3659547
2023-10-09,649182,21556,1656556
2023-10-10,816327,52310,2210662
2023-10-11,726468,44114,2243860
2023-10-12,938593,8618,1917723
2023-10-13,747003,8768,1535286
2023-10-16,1691146,23740,3163272
2023-10-17,1057779,106774,2715386
2023-10-18,1698902,8028,2665044
2023-10-19,1388884,14306,2048711
2023-10-20,1660382,24311,3112840
2023-10-23,2922794,154578,6090770
2023-10-24,5255723,140767,8933248
2023-10-25,2065535,170252,3970385
2023-10-26,1679372,66134,3301498
2023-10-27,1230979,31332,2660823
2023-10-30,2284505,55795,4679153
2023-10-31,1344038,83567,2802859
2023-11-01,1353141,43493,2886726
2023-11-02,1257969,50729,5154376
2023-11-03,1116537,13394,4312551
2023-11-06,2304972,60241,4486437
2023-11-07,3434887,30687,5354020
2023-11-08,1359832,34544,2391365
2023-11-09,3034827,264371,6774132
2023-11-10,2490153,58843,3756474
2023-11-13,1882490,32545,3286838
2023-11-14,2452339,81086,3578920
2023-11-15,1046452,79557,3032548
2023-11-16,713330,34764,2144350
2023-11-17,633392,55454,1961221
2023-11-20,1198392,33665,4193410
2023-11-21,837984,39273,2311385
2023-11-22,1393262,46749,2968097
2023-11-24,1342957,53864,4298307
2023-11-27,1222485,7256,3058963
2023-11-28,2103637,65900,5560537
2023-11-29,1443094,16367,3891205
2023-11-30,1377521,41829,2835768
2023-12-01,2117049,142722,6386797
2023-12-04,5097511,52122,8907273
2023-12-05,3780048,36577,9638346
2023-12-06,1700474,101764,5032262
2023-12-07,1265682,18768,4353735
2023-12-08,3625362,92488,9435774
2023-12-11,5900161,341979,11048123
2023-12-12,2829825,126958,5650673
2023-12-13,2824221,64682,7540544
2023-12-14,2116939,21273,6972480
2023-12-15,2645820,14521,6281624
2023-12-18,2760714,51764,10132969
2023-12-19,5717569,196907,14836378
2023-12-20,7628792,174754,15155583
2023-12-21,3605096,94256,9926040
2023-12-22,4630100,187436,14394025
2023-12-26,3686754,85406,10698663
2023-12-27,8641584,260795,24107259
2023-12-28,12263564,331948,26978862
2023-12-29,14078316,1113225,29870760
2024-01-02,9630834,620915,17894755
2024-01-03,6689246,291291,13625568
2024-01-04,7418699,415060,13010152
2024-01-05,5488222,429609,10431563
2024-01-08,6812217,670264,12239786
2024-01-09,3963763,127346,6663038
2024-01-10,3382880,202339,8957545
2024-01-11,9457036,691013,19691614
2024-01-12,6793128,630022,13855987
2024-01-16,5614858,553025,11331230
2024-01-17,2207519,132108,5424367
2024-01-18,3405172,121514,8072513
2024-01-19,4001222,254793,8891810
2024-01-22,2422762,114380,6380559
2024-01-23,2134881,64310,5095841
2024-01-24,2457822,41638,5558902
2024-01-25,1977455,100572,4577145
2024-01-26,4003983,162055,8499051
2024-01-29,5377210,70899,9382700
2024-01-30,3892578,159545,7566420
2024-01-31,2960928,89487,8116603
2024-02-01,2617599,110864,4863555
2024-02-02,2684586,43559,4836750
2024-02-05,3620160,124151,6648594
2024-02-06,1755195,161844,3706045
2024-02-07,4133014,56966,7373195
2024-02-08,5598321,339981,13507478
2024-02-09,6692849,157202,14203524
2024-02-12,5867103,185792,13847413
2024-02-13,4158138,364708,8624967
2024-02-14,5979920,296301,11122757
2024-02-15,8751201,215664,15676072
2024-02-16,6268737,311118,12458783
2024-02-20,5820818,147933,10871939
2024-02-21,3112457,239980,6652204
2024-02-22,4743153,58098,11049000
2024-02-23,3402082,145145,8143290
2024-02-26,4869766,284649,13411540
2024-02-27,5461113,177886,13517505
2024-02-28,7399463,429293,14879133
2024-02-29,6258848,243169,13296521
2024-03-01,3573650,92723,7250328
2024-03-04,5431400,187523,10315598
2024-03-05,4257561,390392,9008295
2024-03-06,3579241,167804,7397217
2024-03-07,2970066,228397,4767973
2024-03-08,4634548,161058,9911436
2024-03-11,4975371,138242,8254528
2024-03-12,3773118,414665,6370292
2024-03-13,3069337,76732,5689646
2024-03-14,3093287,76877,5812489
2024-03-15,2006700,77393,4275167
2024-03-18,2841071,47820,4838820
2024-03-19,2634177,56986,4186289
2024-03-20,6305084,252254,17454039
2024-03-21,6951661,135090,14821525
2024-03-22,6322960,197859,13426229
2024-03-25,8647206,222785,16014702
2024-03-26,4454467,56456,8594161
2024-03-27,6327632,89385,11190933
2024-03-28,7748158,89589,14659083
2024-04-01,4195206,123142,7011602
2024-04-02,2393504,211061,4983118
2024-04-03,3213449,9028,5342768
2024-04-04,4812113,82868,9184255
2024-04-05,1877077,24786,3386162
2024-04-08,6900099,38253,11360813
2024-04-09,3259437,49070,6032261
2024-04-10,2414865,11724,4097423
2024-04-11,3252332,48189,5858251
2024-04-12,2944371,75145,5381149
2024-04-15,2262544,67955,4372288
2024-04-16,2479865,13877,4808538
2024-04-17,2955940,72140,4735058
2024-04-18,3201268,28928,5570402
2024-04-19,3372913,57648,6009792
2024-04-22,4830288,83815,9362421
2024-04-23,4507821,300512,8539582
2024-04-24,3368385,212612,7358885
2024-04-25,2609455,26672,4887235
2024-04-26,2034519,35988,3898627
2024-04-29,4979066,67031,8495836
2024-04-30,2295883,40753,4507389
2024-05-01,3720169,83034,6555440
2024-05-02,2125433,32223,3496091
2024-05-03,2456032,21668,4539285
2024-05-06,3288774,106489,7094927
2024-05-07,2202014,17969,3789901
2024-05-08,1834052,51543,3907335
2024-05-09,1485296,23587,3341483
2024-05-10,2753076,14339,4989363
2024-05-13,3298950,46634,4723076
2024-05-14,4725164,282304,7929458
2024-05-15,4318682,216298,8383507
2024-05-16,2333531,52535,5320411
2024-05-17,3431912,215194,6001503
2024-05-20,2987620,33174,6862894
2024-05-21,3498040,50926,6910279
2024-05-22,3830207,253676,8694503
2024-05-23,3746172,91258,5447132
2024-05-24,2158460,84286,3958693
2024-05-28,2634440,69047,5569346
2024-05-29,4935153,78007,7770879
2024-05-30,3904287,47506,7876914
2024-05-31,2636968,106223,5142210
2024-06-03,3592675,20494,5456428
2024-06-04,6519243,294316,17351824
2024-06-05,6299821,72260,13386295
2024-06-06,10220406,330326,23071826
2024-06-07,5651393,102778,13461193
2024-06-10,3523025,66865,7185569
2024-06-11,5324766,298678,13599865
2024-06-12,5876744,523649,16386624
2024-06-13,6158785,102859,13721904
2024-06-14,4639020,69429,9027879
2024-06-17,5700102,28423,10990776
2024-06-18,6199348,82416,11098298
2024-06-20,6514660,90429,11979234
2024-06-21,5283935,481710,10203612
2024-06-24,3713527,282927,7644800
2024-06-25,7959697,161581,13924539
2024-06-26,6633525,32776,11073767
2024-06-27,4484831,55719,9018766
2024-06-28,2930033,51441,5674638
2024-07-01,5299773,109856,8831183
2024-07-02,3833907,82729,7692782
2024-07-03,2989106,74195,6297862
2024-07-05,5407650,201895,9983879
2024-07-08,7154119,160750,12244339
2024-07-09,7204877,103631,12281456
2024-07-10,4626413,124707,9163784
2024-07-11,5167165,126213,10488273
2024-07-12,4150095,273600,8768854
2024-07-15,4825363,96709,10298408
2024-07-16,5614539,95921,10679083
2024-07-17,4759354,124698,8898061
2024-07-18,2588776,109768,5582170
2024-07-19,3392393,275578,6331274
2024-07-22,2680529,68407,5001591
2024-07-23,1780089,53943,3602090
2024-07-24,3120190,59355,6734055
2024-07-25,4554007,278176,9454100
2024-07-26,3588859,346426,7431299
2024-07-29,3687000,38574,7618810
2024-07-30,2625499,57659,5401014
2024-07-31,4814291,55573,8473221
2024-08-01,4251322,51842,7757853
2024-08-02,3072550,156840,8239033
2024-08-05,3360621,232719,9422707
2024-08-06,3007303,89546,5469178
2024-08-07,2880160,73367,6501641
2024-08-08,3489988,28289,6861402
2024-08-09,2873102,63502,5634236
2024-08-12,3728893,34609,6571278
2024-08-13,4234014,97434,8765458
2024-08-14,4037449,47645,7232565
2024-08-15,13439810,185618,20631210
2024-08-16,6754863,181499,10952738
2024-08-19,6735139,111318,11511435
2024-08-20,8542737,144441,14679580
2024-08-21,6209848,184402,11804492
2024-08-22,4189959,117231,7318268
2024-08-23,6074692,129524,11306287
2024-08-26,3646328,46870,6552051
2024-08-27,3667665,162260,7486481
2024-08-28,3902042,461456,7255543
2024-08-29,3637766,67473,6843121
2024-08-30,2434219,54642,4799374
2024-09-03,4690808,138933,8156506
2024-09-04,4636818,417704,8505947
2024-09-05,5383102,149070,9213704
2024-09-06,5123452,151421,10723738
2024-09-09,3434213,262006,7754311
2024-09-10,2784368,108230,5415688
2024-09-11,4207380,88709,7791882
2024-09-12,3422440,67709,6820147
2024-09-13,4332875,85122,11619437
2024-09-16,4227924,210062,7637922
2024-09-17,4350184,220579,8991123
2024-09-18,4592429,70155,8218208
2024-09-19,6592712,178980,13808738
2024-09-20,4604553,80129,8054954
2024-09-23,5082569,92822,11054179
2024-09-24,8858165,78572,17135753
2024-09-25,5633197,58167,9664270
2024-09-26,4956187,151859,10821933
2024-09-27,5271411,83854,9266419
2024-09-30,3241941,51009,6133756
2024-10-01,3639056,58069,8331949
2024-10-02,2707296,107127,6618257
2024-10-03,3616635,55026,6364693
2024-10-04,9366634,82140,15282087
2024-10-07,8741745,146685,16076914
2024-10-08,3826891,240412,7381881
2024-10-09,3259580,22299,7421137
2024-10-10,4789298,92186,9338767
2024-10-11,4840684,69538,10007254
2024-10-14,3413891,69175,8505940
2024-10-15,2663012,77991,7599256
2024-10-16,4065542,107951,11708519
2024-10-17,3217902,165772,7680727
2024-10-18,4491961,190058,10527458
2024-10-21,9280843,310439,30559617
2024-10-22,5191822,197149,13666894
2024-10-23,4293439,96294,11202664
2024-10-24,33038651,162564,46017234
2024-10-25,11445630,126000,22658836
2024-10-28,7093952,68057,19830255
2024-10-29,6965818,113841,14766335
2024-10-30,6240749,83276,11349765
2024-10-31,6485591,128958,11667480
2024-11-01,6621953,129540,11330293
2024-11-04,4160447,54246,8571620
2024-11-05,4405717,41490,9358458
2024-11-06,7042633,126806,21711230
2024-11-07,5592631,80029,15618303
2024-11-08,5551598,89918,12943642
2024-11-11,7175691,75800,17278586
2024-11-12,4008556,83352,13450969
2024-11-13,6929771,393725,20595696
2024-11-14,3385388,269040,12231188
2024-11-15,4319581,55866,11644895
2024-11-18,4274600,57660,11130525
2024-11-19,4752297,45236,11144748
2024-11-20,4796948,38733,11611037
2024-11-21,5148007,64155,14912092
2024-11-22,5332090,51163,14251514
2024-11-25,4513490,32006,12666372
2024-11-26,4606502,19729,10949690
2024-11-27,3989661,74192,11248382
2024-11-29,3531590,32332,9881795
2024-12-02,3764951,68606,11146159
2024-12-03,2768853,31221,7190688
2024-12-04,5378659,52025,12722167
2024-12-05,5635378,42667,13328000
2024-12-06,6042439,19805,15437188
2024-12-09,4228266,203392,10892458
2024-12-10,5591685,329021,9825543
2024-12-11,5320356,617,9598505
2024-12-12,4105445,121305,12457610
2024-12-13,4983053,14826,8498551
2024-12-16,4946875,83201,17239203
2024-12-17,3780828,39342,9826359
2024-12-18,4493790,121837,12408517
2024-12-19,4056515,414695,11235645
2024-12-20,3864861,29855,8479937
2024-12-23,9139162,783981,20649715
2024-12-24,4530190,283726,8638551
2024-12-26,6626188,135456,10211345
2024-12-27,8353093,104306,17904208
2024-12-30,5073784,539786,12164701
2024-12-31,5862731,29697,13746213
2025-01-02,17144971,40153,24943948
2025-01-03,9316953,58159,18486750
2025-01-06,12968100,61429,22072142
2025-01-07,7744480,570480,17575471
2025-01-08,10188584,1275501,21687067
2025-01-10,7926848,1478539,13968122
2025-01-13,10411734,60819,19488365
2025-01-14,11948585,304693,22573276
2025-01-15,11105976,68240,29632524
2025-01-16,11602079,53532,23452486
2025-01-17,17660487,165543,40812336
2025-01-21,15064265,56099,28485106
2025-01-22,16180450,296831,30129500
2025-01-23,12911246,19852,28657205
2025-01-24,17394109,105486,39534436
2025-01-27,32465547,3165441,54443225
2025-01-28,22209058,2618052,47083638
2025-01-29,24311947,97375,53609699
2025-01-30,19062569,132942,41333596
2025-01-31,25189098,75375,51936071
2025-02-03,14632197,1827537,33995230
2025-02-04,8117318,768926,18963770
2025-02-05,9285535,30322,21369635
2025-02-06,14943361,506,31891778
2025-02-07,11241451,63425,25229099
2025-02-10,8204130,26848,21432583
2025-02-11,10563833,23323,21885416
2025-02-12,11831610,27341,26059033
2025-02-13,10070049,8051,23669801
2025-02-14,8474434,3390,19177895
2025-02-18,6487229,7464,14367920
2025-02-19,6600437,18093,15758569
2025-02-20,10174979,37454,21355989
2025-02-21,16782524,15647,34554558
2025-02-24,17432120,14426,39319651
2025-02-25,16590256,1162547,35649497
2025-02-26,26620928,3042125,53454064
2025-02-27,31044533,65927,66602548
2025-02-28,32269155,70813,98312016
2025-03-03,16330929,141505,35039129
2025-03-04,7968105,602572,18982553
2025-03-05,3476871,290128,9275210
2025-03-06,5591385,346783,13991269
2025-03-07,2794555,297535,11304479
2025-03-10,6519711,674545,18594922
2025-03-11,5837558,440806,15503431
2025-03-12,11498532,38231,26872048
2025-03-13,11866668,50647,24051672
2025-03-14,12946820,49273,29666947
2025-03-17,10506307,38166,23747811
2025-03-18,9005837,5410,22141814
2025-03-19,11105684,3415,27744923
2025-03-20,13009622,111133,25457142
2025-03-21,10360014,12016,19636632
2025-03-24,12263887,4500,27583414
2025-03-25,9085834,1100,18396767
2025-03-26,13229936,215142,22841428
2025-03-27,8813854,601715,16830019
2025-03-28,10073566,2158,20916618
2025-03-31,11637335,12480,24277315
2025-04-01,10341658,54021,22316235
2025-04-02,9402425,32600,22028615
2025-04-03,6347593,575137,12938716
2025-04-04,10050252,1016107,24523378
2025-04-07,11242546,1194203,28011122
2025-04-08,11685173,936982,25378643
2025-04-09,14549268,1356445,32659738
2025-04-10,7412903,729080,18873175
2025-04-11,6209871,474141,15519840
2025-04-14,7978708,14388,18595969
2025-04-15,11348953,144894,17943496
2025-04-16,5437212,377494,11578986
2025-04-17,3216541,13500,7219622
2025-04-21,15233208,49515,22089136
2025-04-22,14647476,11798,43033549
2025-04-23,15140888,10009,35736737
2025-04-24,13329312,1179,29471322
2025-04-25,12204662,5190,27258902
2025-04-28,19346509,4000,38654849
2025-04-29,9320964,9128,21489671
2025-04-30,9290431,1191,18763340
2025-05-01,14027553,1084,33330518
2025-05-02,9053362,1053,22174743
2025-05-05,12272388,1412,20218280
2025-05-06,9543897,1011,21347802
2025-05-07,8593261,19218,20278986
2025-05-08,11360516,24728,25295758
2025-05-09,6711698,973240,22896527
2025-05-12,4909995,970830,21577330
2025-05-13,10161476,23509,21202813
2025-05-14,8661407,22499,21053551
2025-05-15,11421069,33957,23351815
2025-05-16,13476940,45541,27891133
2025-05-19,15983116,132,36504759
2025-05-20,17959298,33996,34620594
2025-05-21,24008216,31750,54482511
2025-05-22,22358672,28793,46834129
2025-05-23,14423638,6011,31559281
2025-05-27,12570863,2864,29783818
2025-05-28,11878427,4501,25918976
2025-05-29,11465941,12123,25426586
2025-05-30,9989680,19317,25235983
2025-06-02,11950309,8893,25000355
2025-06-03,15784210,15842,31679966
2025-06-04,18029699,63408,42960523
2025-06-05,29034489,287329,61087756
2025-06-06,8573883,1250930,27548391
2025-06-09,17066471,14659,36587218
2025-06-10,11908152,14511,24663586
2025-06-11,15961631,22377,34510537
2025-06-12,9925598,24144,22404750
2025-06-13,11784134,56871,29614606
2025-06-16,11635324,14727,27741521
2025-06-17,14839819,267337,30652274
2025-06-18,11826371,1945628,29209759
2025-06-20,13292947,13198,34098515
2025-06-23,9511478,6971,25923978
2025-06-24,11343454,30097,34407259
2025-06-25,13468015,21922,36972997
2025-06-26,18750786,51993,57351199
2025-06-27,16787885,35619,39070541
2025-06-30,12857649,71524,38018250
2025-07-01,22819700,9614,58242409
2025-07-02,27297395,90523,66805846
2025-07-03,12803181,25776,37388195
2025-07-07,16577464,2611384,41211072
2025-07-08,7416984,1359443,19739762
2025-07-09,13561571,56060,31881000
2025-07-10,11191157,63755,27268573
2025-07-11,21000584,72534,50817581
2025-07-14,30057231,29410,69004642
2025-07-15,14527933,58406,30441445
2025-07-16,10797970,61953,33677923
2025-07-17,14367748,40908,31507040
2025-07-18,15837338,39947,32852422
2025-07-21,6744446,19664,20765623
2025-07-22,24024590,27628,55451217
2025-07-23,24268401,11225,46966823
2025-07-24,15518683,63443,36439672
2025-07-25,8821091,15561,21291648
2025-07-28,8591802,25218,17911487
2025-07-29,7495816,26934,21234302
2025-07-30,7519014,15195,17412257
2025-07-31,9154678,216229,26394814
2025-08-01,5903433,803491,17406356
2025-08-04,5323181,947490,14386926
2025-08-05,8764969,46698,23031811
2025-08-06,8060835,42265,19544990
2025-08-07,9022562,26593,20107472
2025-08-08,9513928,31153,20163683
2025-08-11,6487352,60756,29708714
2025-08-12,4442801,33443,12664490
2025-08-13,10700721,43177,24226796
2025-08-14,50437950,398306,131084674
2025-08-15,21301583,202320,58857477
2025-08-18,40120193,151456,77064369
2025-08-19,40537803,74250,66588833
2025-08-20,18994055,42097,40954381
2025-08-21,18128247,33137,33392713
2025-08-22,18670121,241697,43080729
2025-08-25,10728107,47302,24533733
2025-08-26,7955541,37087,20823535
2025-08-27,7117800,21303,17595459
2025-08-28,9289950,80412,23625112
2025-08-29,8007246,62742,20491774
2025-09-02,8268977,164103,22082206
2025-09-03,8080373,18543,18482321
2025-09-04,6171260,21591,15143804
2025-09-05,5860194,50265,15967641
2025-09-08,6711529,19550,18199107
2025-09-09,11126247,100028,38495696
2025-09-10,13294700,34979,34557463
2025-09-11,9939307,26490,24375867
2025-09-12,5300733,28235,15210551
2025-09-15,7146623,78429,19893735
2025-09-16,7862418,83914,21359222
2025-09-17,9170225,27600,21368732
2025-09-18,12257690,82595,20412454
2025-09-19,11839004,57928,26120185
2025-09-22,7380497,79265,24588424
2025-09-23,7518537,218676,16358966
2025-09-24,7550497,42157,20383598
2025-09-25,14401905,101247,29354168
2025-09-26,4263837,22220,12130948
2025-09-29,5609941,7999,15626410
2025-09-30,4440217,6661,12687924
2025-10-01,5135499,46129,13067541
2025-10-02,6742442,40544,17132406
2025-10-03,8029083,84024,20347767
2025-10-06,5459356,19246,14735626
2025-10-07,5283848,73388,14868598
2025-10-08,3652561,41272,12888513
2025-10-09,8572154,5477,22335731
2025-10-10,16629165,79852,36185236
2025-10-13,7053351,51845,18004814
2025-10-14,13760731,64570,40164660
2025-10-15,9984445,120967,22582130
2025-10-16,8901353,220491,21282663
2025-10-17,4740603,856759,14589170
2025-10-20,3332111,10365,10712227
2025-10-21,5229505,69749,13195055
2025-10-22,5715979,326569,20744022
2025-10-23,3090898,527989,9316057
2025-10-24,3834325,29203,11178680
2025-10-27,2945908,4227,8296383
2025-10-28,16549568,81719,53050072
2025-10-29,20740356,62855,35591191
2025-10-30,21494453,362899,37633963
2025-10-31,11920142,28035,28247837
2025-11-03,12079049,98212,32351877
2025-11-04,6462230,59516,20603582
2025-11-05,8454523,50731,21921271
2025-11-06,7412790,102795,18275166
2025-11-07,9852127,142932,22806414
2025-11-10,9174395,30247,22795730
2025-11-11,12724664,1333095,27943198
2025-11-12,9949441,1328045,23883940
2025-11-13,7489928,18137,21440505
2025-11-14,14580143,75779,29757421
2025-11-17,7057071,15820,20622726
2025-11-18,9527910,26028,26888445
2025-11-19,8706765,66745,21356036
2025-11-20,10548922,128893,39047723
2025-11-21,6963547,61393,23362052
2025-11-24,6454769,14103,17663667
2025-11-25,8301756,21065,20176940
2025-11-26,7881235,135059,22726039
2025-11-28,4612963,23598,14831491
2025-12-01,3678433,193866,13472103
2025-12-02,5785475,24150,16506731
2025-12-03,6134273,51327,14412749
2025-12-04,5811272,19677,14915963
2025-12-05,4202499,29580,10832534
2025-12-08,4666508,32757,12840385
2025-12-09,6124377,18479,18620743
2025-12-10,6701424,69955,17068068
2025-12-11,3284018,7871,11829625
2025-12-12,7037332,159397,24027530
2025-12-15,3998146,178925,18454152
2025-12-16,5335879,292241,17105805
2025-12-17,7890397,297887,22502535
2025-12-18,5396139,548137,15669301
2025-12-19,6216244,12551,15897724
2025-12-22,3042233,24029,8923191
2025-12-23,4256213,28053,10041017
2025-12-24,1516386,9816,3692646
2025-12-26,2257731,2787,5854332
2025-12-29,2707684,26064,7649874
2025-12-30,2580796,14372,8484729
2025-12-31,3151115,1602,8040578
2026-01-02,4765173,12365,11340958
2026-01-05,6179780,17450,13197354
2026-01-06,3577431,18136,10643373
2026-01-07,2941038,5436,6440882
2026-01-08,3861097,544828,9315336
2026-01-09,4327848,35210,8501778
2026-01-12,5632538,13494,14340770
2026-01-13,7413490,35205,16206236
2026-01-14,4439601,52323,11811660
2026-01-15,4679739,241578,10047796
2026-01-16,3936030,35253,10487599
2026-01-20,4423396,46546,10889626
2026-01-21,4713378,26192,12576242
2026-01-22,3090998,21828,7364021
2026-01-23,5072700,22630,14184655
2026-01-26,4846334,82562,11616128
2026-01-27,6308149,44664,19925520
2026-01-28,6572640,56264,14275941
2026-01-29,5247815,525815,13970625
2026-01-30,5099891,520856,14466259
2026-02-02,2263097,355256,8848302
2026-02-03,9874233,103135,29894941
2026-02-04,8954313,587636,22621643
2026-02-05,8323463,716355,19495268
2026-02-06,4115171,521186,17790501
2026-02-09,8660147,87176,29661492
2026-02-10,9065106,235511,29009168
2026-02-11,7323168,93958,19656609
2026-02-12,7302019,90579,17824245
2026-02-13,6945815,73846,20508937
2026-02-17,4922367,64804,13730088
2026-02-18,5980635,38341,13251276
2026-02-19,3978654,22865,10086325
2026-02-20,7750460,3167,12411959
2026-02-23,4800680.488033,16127,11050029.982717
2026-02-24,6596829.751035,110643,21955941.885147
2026-02-25,6999653.375700,671571,19841072.481582
2026-02-26,4043934.632544,27141,10708326.840584
2026-02-27,5748067.797378,352455,15693468.652349
2026-03-02,3132730.998729,427717,12659482.771072
2026-03-03,3550965.460626,135693,13111333.970081
2026-03-04,3939089.031914,254342,10978624.517047
2026-03-05,4855044.222227,21126,11703049.945554
2026-03-06,8806126.468647,48662,15789136.301641
2026-03-09,6640239.557800,65562,13307161.067543
2026-03-10,4716802.887650,34372,10547299.813784
2026-03-11,6258698.402243,30296,16085211.457748
2026-03-12,5728414.814958,49517,13173670.714035
2026-03-13,6290042.686498,44423,14511533.701499
2026-03-16,9408471.878397,37596,18853549.208706
2026-03-17,7542520.508467,6625,17199762.132787
2026-03-18,4395953.891172,12585,11130163.326379
2026-03-19,6613241.390822,33949,11901563.127446
2026-03-20,5297387.950093,22398,11729658.125800
2026-03-23,6242791.161392,53736,15909239.029936
2026-03-24,5090102.922680,39610,13707019.144684
2026-03-25,5683652.565301,396637,13794393.766759
2026-03-26,5831002.740626,209085,12847550.734280
2026-03-27,4038555.712500,218223.332660,9021688.266594
2026-03-30,7466451.137514,405306.509430,14781232.889590
2026-03-31,6022634.028250,808350.688700,13718551.959205
2026-04-01,6511471.607911,12737,11290617.722686
2026-04-02,4397107.565872,36437,10701412.089223
2026-04-06,2554625.616118,20474,7848711.169437
2026-04-07,5618848.426735,631,13377400.754886
2026-04-08,9637109.750174,842273,26360184.335553
2026-04-09,8382622.453086,84472,20158865.902854
2026-04-10,5264856.322186,50016,15338711.993765
2026-04-13,6202813.569183,68806,12343812.376108
2026-04-14,7252433.749104,200029,16394850.113044
2026-04-15,12495329.142683,200119,26222816.052632
2026-04-16,8746018.327047,56894,17727409.686129
2026-04-17,6534304.589779,43043,19035821.885754
2026-04-20,6277370.367051,72496,14396766.389965
2026-04-21,4778139.415478,254119,11554489.297382
2026-04-22,5439492.650017,85399,10331793.383413
2026-04-23,7382386.706718,182012,17009652.060734
2026-04-24,5794099.861307,21727,14084074.927099
2026-04-27,8658268.092464,78672,15775185.550505
2026-04-28,6009668.962154,44315,11137118.504612
2026-04-29,6522227.188724,31977,10666574.590290
2026-04-30,9262924.386716,201052,17364589.132422
2026-05-01,7447315.028555,73323,13968379.121699
2026-05-04,6391940.520848,18604,11214209.229121
2026-05-05,5915031.695429,78702,12259461.954452
2026-05-06,8461742.720702,51079,18206050.034747
2026-05-07,6171912.860997,40410,14312666.264089
2026-05-08,6659613.244319,20618,13061784.239178
2026-05-11,5464611.076820,18210,10476574.620817
2026-05-12,5522018.079580,16460,10372355.436606
2026-05-13,4138868.501564,36465,9250826.426997
2026-05-14,4911614.998169,68272,10404361.085152
2026-05-15,4611447.240305,88114,9967271.521272
2026-05-18,3414245.143549,67974,11067236.504798
2026-05-19,3326810.161820,39814,9643589.030529
2026-05-20,4013536.630583,21943,7657188.798889
2026-05-21,3235807.973817,55451,8595058.118591
2026-05-22,2668353.140236,27262,7363863.399588
2026-05-26,5623883.496208,92288,16464947.263492
2026-05-27,5336217.012807,15707,14416393.139990
2026-05-28,3088183.949888,16932,8873085.838013
2026-05-29,5752873.261674,53482,10699318.821943
2026-06-01,3822227.447485,49322,9915650.318321
2026-06-02,4275273.666019,21370,10522382.679571
2026-06-03,3021826.769419,13692,7769694.222144
2026-06-04,3577049.972482,10851,7815094.803227
2026-06-05,5103136.477779,166225.183300,10624209.897337
2026-06-08,4520211.066370,229272.094820,10701105.261858
2026-06-09,6032766.126148,68855,13017583.840433
2026-06-10,4964373.590336,202969,11743332.282871
2026-06-11,5261744.476053,46892,11616666.796418
2026-06-12,4286322.431667,46555,8723184.917797
2026-06-15,4011044.034648,43998,11311236.617155
2026-06-16,3802581.477340,71043,9215502.409689
2026-06-17,3823842.331266,407240,9461152.944278
2026-06-18,3968926.521837,41775,9304418.469027
2026-06-22,3624715.876395,20642,8212704.596561
2026-06-23,4413718.770452,25572,9287709.391070
2026-06-24,5474713.138071,81761,11537690.476691
2026-06-25,3535940.929836,267874.440690,7297813.319106
2026-06-26,4676744.342330,111938,10217773.533479
2026-06-29,4800239.185951,10269,10246337.960272
2026-06-30,3989637.272458,40993,8900689.723727
2026-07-01,5084350.505326,71225,11921136.683795
2026-07-02,5816916.142395,235526.569288,15870753.199527
2026-07-06,13135876.889438,1371656.651735,33248100.713093
2026-07-07,8876951.866627,546424.542979,23941517.374319
2026-07-08,7545605.157372,749150.849634,19554507.095736
2026-07-09,10108667.147574,272116,23482980.849156
2026-07-10,6178043.510872,30989,14675968.967054
2026-07-13,4766583.643520,128226,10792682.443181
2026-07-14,14351190.348815,4920199.398103,29248744.692539
2026-07-15,4978247.275950,434356.432744,13055098.246304
2026-07-16,7679947.793349,33594,16232157.373076
2026-07-17,8523543.696226,23059,16537585.351603
2026-07-20,6783979.304983,18711,15165997.142982
2026-07-21,5280709.889542,18533,13301293.868861
2026-07-22,4480095.478685,403520,9282902.100980
2026-07-23,5046686.941162,21391,11484633.527110
2026-07-24,5294964.322926,3550,10147983.785778
2026-07-27,4573922.505023,4585,10112559.302546
2026-07-28,5085712.057856,290239.400690,18762676.863049
2026-07-29,9620538.315848,721975.936255,22988156.124957
2026-07-30,7561504.618943,448334.020096,19452072.835629
2026-07-31,5840268.969254,31928,13211374.093873
2026-08-03,6396732.561897,5848,15869954.025423
2026-08-04,4296777.195233,229765,9903518.712733
2026-08-05,5589031.485006,5039,10488947.938516
2026-08-06,4342797.302657,12335,9037131.559859
2026-08-07,6912216.268479,47037,18115119.609475
2026-08-10,4303623.703861,1834,16540323.758787
2026-08-11,4121768.929216,68407,11301129.657987
2026-08-12,5944313.740022,82605,14843810.906031
2026-08-13,4422001.300055,43359,12728314.873745
2026-08-14,5356546.591958,242182,13709500.744620
2026-08-17,4333593.653760,107677,10117710.937085
2026-08-18,9338273.912139,558745.515242,21557324.197752
2026-08-19,5788557.821951,782079.786462,16551393.231800
2026-08-20,7275715.629930,444491,14983721.930254
2026-08-21,8839431.617691,19839,19763919.382618
2026-08-24,5562074.232622,70137,11600842.285991
2026-08-25,5979441.373709,28213,14959557.744486
2026-08-26,3623786.131060,535,8715124.067089
2026-08-27,4981470.597272,11539,12030436.274948
2026-08-28,5228983.115098,6150,12593563.433921
2026-08-31,2936819.448853,38,7735312.808719
2026-09-01,5722041.145873,170531,12161863.854332
2026-09-02,4457137.957754,16037,9608426.170173
2026-09-03,5327801.853225,31423,12768336.891851
2026-09-04,4027699.820384,10704,8875081.051324
2026-09-08,7675653.935357,28872,16356765.881536
2026-09-09,4571543.662245,58007,10430359.430876
2026-09-10,4357130.759856,113322,11122434.679783
2026-09-11,4245537.811023,32203,12664215.758360
2026-09-14,4667805.695735,42354,11864713.673392
2026-09-15,4488619.773351,39185,13070288.289403
2026-09-16,5382498.228848,36178,13888531.716675
2026-09-17,5578566.471634,358817,14203524.836455
2026-09-18,4580086.548933,6419,10666911.773381
2026-09-21,4834538.983323,14742,12149136.456026
2026-09-22,4816252.949575,33791,10687741.072391
2026-09-23,6475852.977980,60410,15623613.272109
2026-09-24,4389657.536356,41576,11622985.335197
2026-09-25,4526455.195382,8209,11300355.414715
