Published,Source,Domain,Title,Url
2026-06-08 03:00,Benzinga,benzinga.com,Why Is Micron Stock Gaining Monday? - Micron Technology (NASDAQ:MU),https://news.google.com/rss/articles/CBMiuwFBVV95cUxNNVdPbDMwcjQxYnBxOEF4ak4xM09LVnJhMWxzRUw4QVI4NnlEcXVVMERkV0pYVEZCVExJMks5OW1mNEtUT1JlX1Q1MTFPSWNVNHg4ZWJtNjFJbHJEbFZZNTI2ZzRGQmxRa1p3RFN2bUpqalVRZ0o3dU1teVR3SmdKZUlEQTFnaEdRWG9lRnhmbG5mWHRSOE1YbUFRY1p3T29mMTQtLTU3ZEZxdW9CQnpLSFI0T3ZzN2RKYlZr?oc=5
2026-06-08 03:00,Investing.com,investing.com,Why is Micron Technology stock surging today?,https://news.google.com/rss/articles/CBMiqgFBVV95cUxNSzZqVExPUW9EWkxXeElxYk83eVlqMVR3Nzd2bmYwWWZzVVVFbGt3OEN2OVZZUXZHcTloRm85cHBUdWRoQktrWXdjUUg5OS1XZ1VaWVJ3RHd4aUkxS0ZaTHcwU1dITHdnTXZzRkd3SEFKaE9iUWhRM3VvS181ZUIxZW0zbklTRDdPQ1Y0UTJ1UnlFMzBvazBHSmU4QTljc2YxTFEyRWVNQ2haUQ?oc=5
2026-06-08 03:00,MarketWatch,marketwatch.com,Micron’s stock bounces back in a big way: ‘The memory trade is alive and well’,https://news.google.com/rss/articles/CBMiuAFBVV95cUxQaFBXb0gwdVo1NnViSER5VW1xdE1rVV9kbFBKcWp2NXFMcEtja2NzM2lYbHVUNW04RzdZVWJscTdSXzlkNnVmejU1Y1VVaWNMSElmMTl4RWJlZFhsd21ET2dkcG9NVWZ6VEV6T3pPLWdSYkw3LVBBeGhpZWpsRUxVdmlFandvUEQtUmRRbGxVbGNqSHpxVEdRZ1lUV3NDN0xVMk54bGkwdlJudXhUbHpUbURsUmlKVXhI?oc=5
2026-06-08 03:00,Morningstar,global.morningstar.com,This AI Winner Has Been Unstoppable. Is It Time to Sell?,https://news.google.com/rss/articles/CBMimwFBVV95cUxNc0xsRktsajI2aldBWlNVcWo1VGx1RWFUbTRBblp6eVF1VjJYbHlDVkR5cGdMc2hqbUREYV9nWlBWX29pVnp4dkRReEs5dXpNYXZ6eGVDNjV2eDVpUnJhQVE5STU0UzBLUWQtcVpwSTN0ZHZ2R3pFd2pWR0ZJMDVYYUp1ZVZ5c1VzRWVTV3hLeGlVWGFMRG1UdzVuNA?oc=5
2026-06-08 03:00,Seeking Alpha,seekingalpha.com,Micron: Buckle Up For What Is About To Happen (NASDAQ:MU),https://news.google.com/rss/articles/CBMijgFBVV95cUxOU2phOUtWckpkOXBFVHBHTW9BZnBwRzFXV2ZNSVFYS1hqdmI1N2x6eDRBTnF1VFdoVk5EX29YZ2hqMHJEcmxhRG9hOWh0SGJHNUhnZFUxdjZfYV9wQkNIX3FvWGNld2VwOXJMcnFBN3BKdzE0WjJMenhFM2gxRnhDS0pGT1JxWEhuQkZHRXVB?oc=5
2026-06-08 03:00,The Motley Fool,fool.com,"After Surging 918%, Is Micron Stock Still a Buy? Here's What History Says.",https://news.google.com/rss/articles/CBMimAFBVV95cUxQMmtUYUFZNFJLYkdKaWlzSlI3bHVFN0p6cjIzUndsY0J5M1dVajVDWmhLUENiYXlhVkdkVUc2OVI3UWg3NUc0TVR5Ny1Idkltb0tOWWF6VERRd3BERzdpZjZiNmIyS2s2LWlSaTQ0UWw5T2Zwdkl4b1gxRHBnbkFleC1mbUptS1pIY1FOV1lnbHI2N28tbXREMQ?oc=5
2026-06-08 03:00,The Motley Fool,fool.com,"Micron Stock Could Have Massive Upside, But One Big Risk Looms",https://news.google.com/rss/articles/CBMimAFBVV95cUxONG1YbHJUaWlTRmR1MjItbzNnOS1Lb2ZDWHhPbkNobU1vYjR5c0N1WnNRcEUxM19YcGd4cVNlSzFWV0FyLU9xRDRlQW9EMTVyaFRZOGc1MEZ3X3dyaGlnVkk4eXdkTWZzemZyc3NBZlMzV0ZiT0tXbndiaENKV0NvQjNuWDd3SVpUQWFMY3FHQ2tVbXMxMldyVw?oc=5
2026-06-08 03:00,The Motley Fool,fool.com,Why Did Micron Stock Bounce Back Today?,https://news.google.com/rss/articles/CBMiiAFBVV95cUxNTlB3WXhySEQyTmY2WURCOUdlTUZvMUlienBJUGRnMUxmM083ZFdLVHFuNnlVU0xITUhOV1QzWVdCNTdVcTJLTHE2dTJSQjNnWmF6QXUwRTlaX3FWdlp3bFVHMzQtdW5feXRTR2lwdHZETTFKTUgzSFluMlAxWkpfTzhUUUNRb1VI?oc=5
2026-06-08 03:00,TheStreet,thestreet.com,Roundhill CEO spots major shift for Micron stock,https://news.google.com/rss/articles/CBMilgFBVV95cUxOQ3hLZnhqUnM0SV9iSTRuMEFZUzZXMm12NzdNN1R3S1FhYmxIM3N6c05LX3BmbFhhdVBNUFJ0NU1YSEZRY3RmOGR3di1FNWVGbTJseWgyM01vZDQ0WWVycDRxQ3B5RjVoS3R1a25DNGt4SVl6ZlRBQktlUFJXSWtMTUk3MklKZUo5MDZjNDBiYTFoZldOdkE?oc=5
2026-06-08 03:00,Yahoo Finance,finance.yahoo.com,Roundhill CEO spots major shift for Micron stock,https://news.google.com/rss/articles/CBMinAFBVV95cUxPUWluakNLdjREOEhuaVl2eFFseHZCdmNmTDd5MUxBcjF0NHcxUzRvRnF5SEt6NHR2ZE9LQy1pOV9BeXNzMGdDSUNVZENMWnBEOVNNT0hDbWlRMlJ4OTNpS2RqSmp1MnphN1Bfa3poQXRldEFSU2hYREc0QlV2VlNLZ3pmZWxrRXNaMGNpclE2MUhGY25XWU4yZ2lCcGo?oc=5
2026-06-08 03:00,Yahoo Finance,finance.yahoo.com,Why Are Micron (MU) Shares Soaring Today,https://news.google.com/rss/articles/CBMimAFBVV95cUxNbnVfTkJfZVNvUldVZEJVSFJjWFhCVDJGaUZVZUx0UmxRWGpLTERrUzhETnVHOFczX1dOVVh0clpkZWNhMnp1UU5EZkVRZmp5aU1YNk5hd3RyZG5rYUt4bEVuaExmS3pySXpJZThTWl9waUVrT1VjaFdUeTBvek01RE5vc0g1bzJ3SUVRX0lBWWF2aWpfZkRzXw?oc=5
2026-06-08 03:00,Yahoo Finance,finance.yahoo.com,Why Micron Technology Stock Skyrocketed 87.8% Last Month But Is Falling in June,https://news.google.com/rss/articles/CBMipwFBVV95cUxOaG8zLXdnRFIzYVE5T2dIX2YzQ1cxUzZLcEQ2QTFQVGoyODhtNlg2Yk9wTXVNdnFiQWNwRndMVFpQRjVKQzRZR3E3Q1d2azByY1lUWnNHNFhqdFFFdFRSQjBvekhPU0FXOVRfdVljaFAwSXFqOEtCX0YwSmtEWnNjUHltd3gwWVdKNEdWd0tUZV96T2FldTlsYmdJOXVFV0V5Q0txemVadw?oc=5
2026-06-08 03:00,Yahoo Finance,finance.yahoo.com,Why Micron stock is surging today?,https://news.google.com/rss/articles/CBMimwFBVV95cUxQaFZfbWpvMVJOVkZ4QTBOV043NXk4c3RFR09VNWxYd2ozUnZ4R3NzZHY2ZXg5eEZkdFFDUzNTSGJoWUpQNFYzNE8yUkw4N1dYN3k2ZHhCUGczdV9FN1BUMmlRdUxaeTZsVnlKclBCM2czdUtQc001TzlvY05JNUFjcEc4OUxlTWVjLUpSVHZzVnVXUU9jRDNzcE5ncw?oc=5
2026-06-09 03:00,Benzinga,benzinga.com,Why Is Micron Stock Gaining Tuesday?,https://news.google.com/rss/articles/CBMinAFBVV95cUxPYi00NnJxM0pXRzluUGR0OFJQeEZFOEtzTGZwenZ5Q1JabVJiMXllRjJneXdvWWVON0s4UG1HeWFmdnd4Y3RsWkRLVU1DeHNqVFBNbzVTSm1RcTBJd1BtM1VJeHZPTkJZWU9NMDFtenVUY2NDWTlVQlJjVC05UmVnNnZxV3lZUkhhRG1Kcm11WXR1cmxUYzBGU0c1MnE?oc=5
2026-06-09 03:00,Investing.com,investing.com,Why is Micron Technology stock rallying today?,https://news.google.com/rss/articles/CBMiqwFBVV95cUxNdVh3MUNkc1YtSHBGVFlhb2lIU3c0MGlSUXp2REFHLVo2Z21VdTVrWERlNDJ3MnhiUlk2V1RwaDMyaDBKcDloaDB4OE5LQl9QNkxBTWRkX0p5YkdHNEl0eDM4cm4welpPMjRWWEZfVUZKWFhTd2RtYlRDMTJMenFnRVczZ0dzQ3RNNDR5THFPMjdTak9BMWhweURPTWFXSDZVdTE5T1p0bkFSNWM?oc=5
2026-06-09 03:00,Investor's Business Daily,investors.com,"Stock Market Today: Nasdaq Ends Off Steeper Loss, Dow Rises After Downturn; Credo Technology Advances",https://news.google.com/rss/articles/CBMiqwFBVV95cUxNWWtqOUZjRl9sN004azF3ekxYQzc3dHdQUk44UXRTOEhpWVFJWHpmcUgxTnRTNTBHRVlJT1dBMkRPbUI4eklyVW9JajdTbXA1WDBkUHJRQXVzZG95UmpQRzJyV3R3NGNha2hqNE1uWnJRLVFrcnhFZkZVNmFjS2U1blh5TVctMWx0bjY3Rkphb2xFWlRyQ1lScE5vZWhaOEZQX2NGQkRvOXF1cFU?oc=5
2026-06-09 03:00,The Motley Fool,fool.com,Is Marvell the Next Micron?,https://news.google.com/rss/articles/CBMieEFVX3lxTE9nYUIweWJqTlFDZmlxVjU4TEFkalRVbUFfMjFOcG15T2lyYkprd1pXb3dZMFpYUW95VkVKWGJ1NUhBcjNrYkpKMkdSOE9yMUp5M0hleGlRNkRvYlEzOEN0elV3cWJEU3BIc0ZtTUpSRi1SRUxLdVNLNQ?oc=5
2026-06-09 03:00,The Motley Fool,fool.com,Prediction: 1 Semiconductor Stock That Will Be Worth More Than Micron by 2028,https://news.google.com/rss/articles/CBMiiwFBVV95cUxNcTRIODQ3bzBZYjNDTDhwa3pZSFp0dkp6V1RlZFNSaXF0cmtzUDZPUHQyaUZEQ2pyeEJRLXFtUVNzcDZ0R2RvODlkelpGcGFMV01tVzBCUEp1eDU0TTVNMVRJSFpHZEFhcFBMUHFDdHdFcHFQNXVESUJXdDAzWkZ3eXdNNlFKQjh4Qkg4?oc=5
2026-06-09 03:00,The Motley Fool,fool.com,Why Micron Stock Is Sinking Today,https://news.google.com/rss/articles/CBMiggFBVV95cUxQNWJ2ckdsemN6cW91cDJ4S1JiRnNlSGY4RjFiMXFkYzQwY1hJczBscWZreWpValZYNnJnREtMWkZEcTloeGhmbkdKNHlaSkFKY0hXaDdiblhwY0hQeldTYmZGWDgwZl9naEd5dUczNTRZRDJwTWJhMlJvNjRLSzFTeDVn?oc=5
2026-06-09 03:00,TheStreet,thestreet.com,Micron stock gets a shocking Wall Street price target,https://news.google.com/rss/articles/CBMihwFBVV95cUxOeHVJQ21jMk5qX3RXXzhwZWdlSTFia3ExazdhMUhwWnpra0oxdW1qM2NDcFlmWVJnRTdZM296cDBEWFNSRGtsbFBRT1lRUGdqdFlOeG5XWmhxd1BwQU9zX3N1dUxTTFVjSjRuRE5YODRTbjhwU2N6NndtdjEzc2Vra3RvdE5rdkE?oc=5
2026-06-09 03:00,Yahoo Finance,finance.yahoo.com,Micron Faces High-Stakes Earnings Test as Options Market Prices 20% Move,https://news.google.com/rss/articles/CBMioAFBVV95cUxPVVRSYWhuVktrZXBkT2ZzRVJEcWxBRmhUbmZ5bHVpaDlfVUh5MFdsbUEyek40WVVXcEhHdk1fck5vYktiTlZBRmdvU3UxX2xEWDlzaTl0Q3B0cG5Pd2k1aFpRTVduQnNtTF9pcHc3UnUtNXpYempPNVNHbWlwQUFIR3BtdDZLcDIwdjZDWEJ3aGhiTnhTdmdQdy1vbzh4cFBG?oc=5
2026-06-09 03:00,Yahoo Finance,finance.yahoo.com,The Tell-Tale Rally in Micron's Stock,https://news.google.com/rss/articles/CBMimgFBVV95cUxONHJya2V6eXdjSW5IREkwUGVlYWdidEdidUNjUElaVVgxV3ZYYm9haG8yWkkzZ05OdkdHSHRkdUZxUWlNaHZXMU1DWTlaRUppRUxHRDBqeHkzRmZabGhRbVh0U0p2UW9CNDhpdlZoQ0E4YjhpS25TdFJTTUhkVEI5SFpRVGkzTWJaaEFMUXVHMWhMbXZLdlZHNnlB?oc=5
2026-06-10 03:00,Benzinga,benzinga.com,What's Going On With Micron Stock Wednesday? - Micron Technology (NASDAQ:MU),https://news.google.com/rss/articles/CBMiqAFBVV95cUxPV3BDVjVSMTRUR1pqNEd3UnJEUEk2emx6dnpDTVUyeDhqYTFxUjRrN1ZGTGYwa0lmX1NOdS01bXZTS2pHVkFwNWh6RXBRQXRFbEpMUkZ3bWxLeF9jRUJldHdmWXA4Y3hORHlNdXdWMUUzdWtyRVJKNndqbTVKOWs3XzJwZ1hWLVo1NHl5NXJybnI4UmhSeC16VlF3X2haQzNGNXQ1VUgxcWE?oc=5
2026-06-10 03:00,Seeking Alpha,seekingalpha.com,Micron Stock: Just One Announcement Away (NASDAQ:MU),https://news.google.com/rss/articles/CBMif0FVX3lxTE5sNXpSYVF3NjR1S2JXMzVQMTlEM1VkWVdDdFNNQ2Vsc3ZkMEd1YnhuYjNHU1d2WEtDbllwOC1DM2VMM3FsSS1adGFPbmhEOWV4MjhIcHJha3RwQVBHQ2lxVy1WWmExamdFYXBENmJpS0ZjcklBV2VkaVczR3pySzQ?oc=5
2026-06-10 03:00,Seeking Alpha,seekingalpha.com,Micron's Parabolic Run May Have More Room To Go (NASDAQ:MU),https://news.google.com/rss/articles/CBMikAFBVV95cUxPdmhxZmQ0LXFhSl9lTzBCMWViazZUYWJ2NmRDWm1GeDlKQWdaRWV5V0hleWZ1and1VlEzVk9yVEJTbWVGbTBnMzNZeEhmbDNubzNjS2s5RDVGRllDT1dMNWE5M2hRQlRZckpwNlJNS25BRm00UFBxTTM5blZzQ3dvZVMtbk5HcnA1SERacEw0b3k?oc=5
2026-06-10 03:00,Yahoo Finance,finance.yahoo.com,Why Micron Stock Is Losing Ground Again Today,https://news.google.com/rss/articles/CBMimwFBVV95cUxPZk1TdlEtWk1TZTA2Xy1XN0FaNWQteW1BUnc1Y2J5UkoyenZ1bTY1b2hDSHlmR1M4bFhGQkRMR2ZPcUhiaEk0UVBvejRQOV9wQVJlenctSlpzR0s5WF9Idmw1SVdHOVJLVDJkX2Q1djRvb1BRT240VHlNLWx3NlVJdGZPUU5YbFRLQUNxYXVqWU9PbnViV3VQNEtUSQ?oc=5
2026-06-11 03:00,Benzinga,benzinga.com,Micron Shares Climb Over 3% After Key Trading Signal,https://news.google.com/rss/articles/CBMiqwFBVV95cUxQa0NzdWRaWlZ3YkpHcWZRUW9hVXloR3ZyQTV5Z0pLNnJyWFZENDFwbWNjTEdiaWRZVVR4cFNCWGhyLXJuNTdwNGR3cUZqcVFaV2dLU1UySUE0MjZVMXBiRHV0eVNlNGFyR0ZyQnJKZzM3S1h3NzRKWEwyNDZ4Sm40eGhHY2JiUi1mMnVFOGFJMW9STlJBRE1GUlpjMTJwR1MtTmtNTmE3Nld1WDQ?oc=5
2026-06-11 03:00,Benzinga,benzinga.com,What's Going On With Micron Stock Thursday?,https://news.google.com/rss/articles/CBMipwFBVV95cUxNcVNJdFFNU05DUWJIT1VfZlRMTEVocjF6eWN2Y3ZZZzEweWNXcS16ZVU5eDhQZllyb0JGb0JRblpieFRsMEhZaUhxZXFrX1lELWtTOTBMLXBSQmxJWGdSODRENWJPQ1hiRUd0Z1hneEs0RHhQRElzZkZPQUlZLUNnTC1QbkFBNVhfVmFPQ3BqNVF0cUZDRXBvUzNCb0l6OVl6ZEtlbURodw?oc=5
2026-06-11 03:00,Investing.com,investing.com,Why is Micron Technology stock rallying today?,https://news.google.com/rss/articles/CBMiqwFBVV95cUxPNXRaVjFqY1d4SF9iMlBjT1g0T2tpV3JWZHE0U2dhc2liaERwc19xT0tULWRWQUNaRGI4MW5MZmhia19GR25KdTduclR4MjRRLUp4bGExOHF1Qjh4c2pfQ0RtbGtMZmlCaFlZdkVpekI3R3BSVHpGYVg0VUU1ZHF3ZnZmUk9MRkVMdkdhQ01BaFVsOWpiYXRNMkttT3BHYm9wWDJNVk5TVU1Ebzg?oc=5
2026-06-11 03:00,Investing.com,investing.com,Wolfe Research raises Micron stock price target on memory pricing outlook,https://news.google.com/rss/articles/CBMizgFBVV95cUxNTFc3WlVhb2ZqQlFNb2pOb0t3b0dLWnJIc1VnZFd4V1JhYnBzZ2JWUG9wSHFkaEJUcXNtbG5JSDJLNHZoWlVUV2JoSHRUNTNfRENsN1lUak5HdVczbGNYb0pUZllzMVhQejF0Ykp0dXJlSGtOTTdrdzBGUlNFMVZULUliWWZuWU9ucUlTMHNUeUxKTEhlSmRUN25QYkE5eTNkVE1DbWVkQnEzT05RQ19BLVJiNlFaV1pEZkVkZEF4S0Q4akJCcS03Tl96bks0QQ?oc=5
2026-06-11 03:00,MarketWatch,marketwatch.com,"Micron, Marvell drag the tech sector into a new bearish phase. Will the correction last this time?",https://news.google.com/rss/articles/CBMi0gFBVV95cUxQZFp1bnB5X0VRTnlzTnJZMnJWbU1jN2R0ZVZSNG9wT1BwWXVBRlc4WGV5Wko5VmNDMzRtbG1hTkFER1ZWVTNCcGZPUmFYVGVyZ29zcG9uUnpsZzJJZm56N2xKbXV4ZkY1RFF5UGJxTlFONldidjRETnJXSnhmWmRYdk9jSFhEX3RtamR2TS1SbzEzVXRiSm1Wb05uV0VHREQ0Ym5Ha2Z6RHZ6UVlhT3pJc01tb2I0TFowSmZKNEZGRHBHa3B3TjR5Vy1ycU1GaW1XQlE?oc=5
2026-06-11 03:00,MarketWatch,marketwatch.com,"Micron’s stock rebounds after ‘healthy’ reset, and analysts see blue skies ahead",https://news.google.com/rss/articles/CBMiuwFBVV95cUxQcnVkZkdtRFVLdkkyMDhmOXo3RHpBSTFxYUtPRXlfQlRDc0ZaeHBXR0Ryd1dRUURMeW1DLWpoUjFZRjhKTm9NMHh4eXBLNHNZVDMyWnFla3U3dmdueWdLMkZuWG91N1lTVDhKUFJzdVhndHpwc3NCdnpueGtsNmloLUlIYnlBMTVrdVhPcEIxTm5rWVY5N21aMGVqV3NRb0lnSGhOUXBxeS12SV9nS1g1M0l4Z3RSMXhiOU9Z?oc=5
2026-06-11 03:00,The Motley Fool,fool.com,"Micron Stock Is Up Over 1,000% Since 2025 and Is Now a $1 Trillion Company. Is It Still a Buy?",https://news.google.com/rss/articles/CBMimAFBVV95cUxOcHFjWWFkUW5kd3RNREplckxqTmxTMmo3RTVKSkNUaVM0cVNKWjdrcElnQ3BTYzJFcHJBbmtQLXd2YzBaSTRhVk1ZcDNiTHZGNHlGNGRSSzJFV3E3aUxGandHc0NFczV1dmF3SThxSG1Ra05hLUtVNGZiOGRmMTBsYzdoTUhOQXA0czYybHpWakZmazRVUHpaVA?oc=5
2026-06-11 03:00,The Motley Fool,fool.com,Micron Technology Stock Is Falling. Should You Buy the Dip?,https://news.google.com/rss/articles/CBMilwFBVV95cUxPT3l1SFdQc2dTUlAxZ3EtMXNGc01zMVZWV2x5bGxWQld3a2o5eVo3bG9DWUUwQTNNakU1LXNvTkR3Ym1xYi1hUWJocUo5a3V5X3R3SmJicm9wZVFvRmhaVXdBalp5U2pSM2dLcFY2dGxxcVBpWDhyd0hkYU43VHhDZHE2c3MtS3AyYjJFbHhqWl82clVpMGFj?oc=5
2026-06-11 03:00,The Motley Fool,fool.com,Why Micron Stock Bounced Back Today,https://news.google.com/rss/articles/CBMihAFBVV95cUxNTk1vQk9Oai1aRlY0YUNJR3dOaktOLUpsbnZHcGFtSDJJek5pQ3k4b21mdUxyZkR4TlI0TU55ZjFmcFlMNVJhbjNoRWp0aDgza3U0VHdmT1c4Z2JqUnRvNy1nODZyU21Ta3FsNWVEbFFFWksxYVdzX1RhbENPZjVXMjBCSFQ?oc=5
2026-06-11 03:00,Yahoo Finance,finance.yahoo.com,"Micron Stock Is Up Over 1,000% Since 2025 and Is Now a $1 Trillion Company. Is It Still a Buy?",https://news.google.com/rss/articles/CBMikgFBVV95cUxQS1p4a0ZLMWJnUHVhNFBvWWg3OXdNNDZ6d3NXR01QS05CTGVnUTZFZTJFZnZyU3VKajdNRVVIV0lZbVhLRnJwMGZaS2JsUGg4ZnZtZHpxbDlTcTJYUXRQc2xwdWpxZFhNcWVoSFVJbVdhNklrRkZ5aXMxSnltQ0xOMVhqM0x2T0Vkbnp1U0NORzBkUQ?oc=5
2026-06-11 03:00,Yahoo Finance,finance.yahoo.com,Micron Technology Stock Is Falling. Should You Buy the Dip?,https://news.google.com/rss/articles/CBMiogFBVV95cUxONmFfU2taVENjWUw5TWI4UlRndEIyUzMzMFh1TXgwUDZOOFNkN3ZoR1UwWVVvam5KNExBSDFQeVF2UnBBdWU4SlowOTZuWHQxVGcwTjByamZ3UXl4WjFsaVNKWl8xQ1ZtZHM0MW80d2xYNjdWcDU3MUFraEJxZ04yRmRqT0paQWdMUXpHNmlSYVA3YTZWUmRfTTRmQmZIb0tlRlE?oc=5
2026-06-11 03:00,Yahoo Finance,finance.yahoo.com,Why Micron Stock Bounced Back Today,https://news.google.com/rss/articles/CBMimgFBVV95cUxONGMxWDBjSnJfR1U1SkFDZ05oSVZSS0M3LXpFekJvZENYVWFoTHFYR01BQk1jeXkxc2FWUDAxWWs0WlZ5UE91OExOeEk3ek1zZU45RHFvdW0wZk4wWFBadl9YQ2ZBR2hyb3pMSVdwVzgxd2lCQ2x4S3hkRjBXcjVERFhHWmJ6bmxoM0lKVEpQUUhMa1ZOQy13LWZ3?oc=5
2026-06-12 03:00,Barron's,barrons.com,Why Goldman Is Cautious on Micron Stock Ahead of Earnings,https://news.google.com/rss/articles/CBMijAFBVV95cUxQMDMtcmE5RkdOSlpnQ2QxbXd0UzhDLUR2M2RuT3pxb0xya3dwckIxcUE1RXJPZmpZN3Rjc0p6TXNFTXhlSVlma2pEb0lFYjRfX0JURTJJZkY1b2xPdWZ6akFjeDRNQm5JTVlnLW84bjNaREtENDJpTTZWeldhc1p4d1lZN0JMM3l1VXE3Yw?oc=5
2026-06-12 03:00,Benzinga,benzinga.com,What's Going On With Micron Stock Friday?,https://news.google.com/rss/articles/CBMitgFBVV95cUxOZW12SXdtdGpWQW93WGdITHBPYlExMzJZTHJlRlFRRE9KajdzenptbUlYcTBIMFhwZEYwMWducUw5STNuWW9TSkNyZTZKSTE3V0tZS1V0bnp4aUZqVUZoV2pkM19mbkY0dFYxM0tGS1lqOVI4VWt0cTg5Vm1sU2NIUjAwVWRnaHJlcVE2dXNPVlc0Mkw1akdBY1ZQcllRLWgtM2l2U3lycTRIb3RLR0JoWDNvdGk4QQ?oc=5
2026-06-12 03:00,The Motley Fool,fool.com,"Is Micron Stock a Buy at $1,000?",https://news.google.com/rss/articles/CBMifEFVX3lxTE9acGE3bVhZdUJsM3RkNXBTVFYxa2ZsR2owTmdfX0ZIVkphaGI4bVhpdzBfZjM2SWJHWDRDTnNqeHRiSHo2OGkyQWRheUZibUIyaGJJRGVZa2c0VGdVeF9wMDJhenBleXM0SGxFTkVISlh0bmE2UG5qVUI0NEY?oc=5
2026-06-12 03:00,The Motley Fool,fool.com,Micron and Sandisk Are Up Big During the Past Year. Can the Run Continue?,https://news.google.com/rss/articles/CBMimAFBVV95cUxPbThhYUZkWVZXeFlybHNDWmRMUHI2empOZUF5NmVLZkVOTi1iUnRlNjNuX1I4MU5OMUV4dVpqSjVMNndsbS1yamxvSXNVSGxoTkdnUDhUQjZPd1NtSnMxc0lUWE1kaVJTNG80bE1EZ3A4OTN3QV9YQXVmdHEyN283SkhsM3JsbDFSUDdDNFp5TkJ3N3lkLTh1cw?oc=5
2026-06-12 03:00,Yahoo Finance,finance.yahoo.com,"Is Micron Stock a Buy at $1,000?",https://news.google.com/rss/articles/CBMikAFBVV95cUxQWFZtMkpKZDI5NHNHNDc5OVBad0NGWHdDaWFqOXZManhuTTM5RTZHY2p6S29CM01XSV8wSlQzWFBZM0FsZ3ZSWjl2aEdFU0VzN3NtUU5ITWZPcmVibjlFcjZzNVNBbDFSUUswb2ZLMy1oTE9SOEFtUHQyUm1RZFBsaDdMWGs1Tk1DSnAycHFFWEI?oc=5
2026-06-12 03:00,Yahoo Finance,finance.yahoo.com,Micron Stock Falls as Goldman Warns High Expectations Ahead of Earnings,https://news.google.com/rss/articles/CBMingFBVV95cUxNTlpqUW9ybG9yRF9EeWo3cTVsWjA2NEZFaFZKbmc3OWpoZEFDMWxUN2NVT0FjZ2ZIZGNXdkIwRklTS2U5cGk2cEk5LUJDaGxoQTdFNU1uVHAxY3hGN2o0T3hUR0ZLblpYNGlQajdjLVQwaHFYejJjOGtHQXJGdEZFcWRVVzJHMTJ1Uk9HN3F5Vi1hMGloOVNmM29hU0h5dw?oc=5
2026-06-12 03:00,Zacks,zacks.com,"AI Storage Boom Aids NAND Demand: Can Micron Capitalize on the Trend? - June 12, 2026",https://news.google.com/rss/articles/CBMirAFBVV95cUxNWmpxa3YxTjBPZEtjNDdvcjJXRzlieDd4VVZTVG40TmhWWTNXeEdvbWFyeE9mQkVLZUtScDFsQlVVb3dnQUZaYlY2aG4xTVdndUh2eC12REh6VDR6V2tSRnBfRk9SQzJHRTZtQ3J4cS1HaTlVNXlXckJ5SEpWcDNJejZZZ25SN2RqSDktMEY4Z0VrNjVRRzBVZUNxbjlNbHpERmVqc3NjSmoycVNW?oc=5
2026-06-12 03:00,Zacks,zacks.com,Micron vs. NVIDIA: One AI Stock Is a Clear Buy Right Now,https://news.google.com/rss/articles/CBMimwFBVV95cUxNYjdjV3kwUXFpN0R1cmRzYnNCeW1kQXpfRDNaLUd2UHZxTnhreURsZ2prYlc0aVFxclhwLUJ1VmlwOUY0TXBIeTlRUkNLMVZ3V3Ryd19VbDNla19qcVpiMWxhQkh3NHlIV3B5WG5qeHlMVzQ1Z3ZDbDFoRWFBWDBUMTF2dENEV3dvcmx1MVFkNExrME1ZM0VNZ0RyZw?oc=5
2026-06-12 03:00,Zacks,zacks.com,"The Zacks Analyst Blog Highlights Micron Technology, Marvell Technology, NVIDIA and Sandisk",https://news.google.com/rss/articles/CBMiygFBVV95cUxNQldpSHNZbVM5X21LbFNXbkNQOFhxWDNrS1ZYU3p6LUxpNnJmSUdvdnpZdlZOTTItN2cyaUpCM2RPVFdFMHJ4OW9tNVRoZFBOalp3S3VEMFk0ekJCcXRPb3lxQm5HRlM2QzVQTFBUTmtFakcwbjZOclVodlI3aTM4QU40Um5Yd29IRmJHS3ZnaV84cUdzVzNGcWtpWjZqM05ZVUljeVNXdnBjMHZSZUtQcGhHdHJzUkRiemxHVzE3bi1uT0I2Z1BkUlRB?oc=5
2026-06-13 03:00,Seeking Alpha,seekingalpha.com,Why I'm Still Holding Every Micron Share (NASDAQ:MU),https://news.google.com/rss/articles/CBMihwFBVV95cUxOdzAwSXI4NllzenZjdWd2OWNIUEdrcmt4SHh4cUJ1X0hxUUMtS0FESEtJV290NkNJT2lSalRENERVOEQ4YUNhV0drd0llYmotdFE2cEdKSnlKalBDODQ0ckE5bTY5bmVFRnNVZzlQQlM0cXpFNmNlMGhnR2hmSEozNG5Hb3BXZW8?oc=5
2026-06-13 03:00,The Motley Fool,fool.com,Micron Reports Earnings June 24. Here's the One Number That May Make or Break the Stock.,https://news.google.com/rss/articles/CBMimAFBVV95cUxOcXBqbURyOWlzRlVjR1lVdXNFWmpXem1hdi0yVDJES0dCM0g0MmVINXJ0dFRJcUVVV3NfdEhjR2QtcW10VHVISU44eW5XVDNlTG9iZFZaRGU1ck1OSHBDSUlhV3o4R1NXX2phZ3l1T0E2V2M3aVg0YWZUS2RWSWNoZTJZNGZYZFhvOGd0dnMxU3phS1FSWTl3Rw?oc=5
2026-06-14 03:00,Yahoo Finance,finance.yahoo.com,"Micron Stock is Now Close to Fair Value, But Shorting 2-Week Puts Yield 7.0%",https://news.google.com/rss/articles/CBMilwFBVV95cUxNaXRzd0xCUkJkXzRSSjI2MlA4UmNjWkk3RnRGR0xRWUFWV2lBV1NMMmx6YW5uY2V0Rk1PajlUY0RRVWFBbGduS3hfd1pKaFNSbEREb0ptNHBiTGZYN0IzbURKcWk1d0ZGS25QMzJLNkdrOXV5SmdOTTFFNU1LbFBFLWpBMFBFX3JJVkJ2SlB2LW9nQXFzZml3?oc=5
2026-06-15 03:00,CNBC,cnbc.com,"Here are Monday's biggest analyst calls: Nvidia, Micron, Ferrari, Rocket Lab, DataDog & more",https://news.google.com/rss/articles/CBMikAFBVV95cUxNYWwtMVFaOWxveEpfeURVSktCUGM3MDNRcUoydDFBbHh5dXpsam5GOFpBR05SYnhxb05EempQRWc4T1F5a2ZUSnZvc3cxdld2c2Q5Y0RNZlM3S0lCSWluTlh6cDFWVVA3YV9IWmRKM0RYLXdwRnVmYmJyVXpLV1RDSzhwdUpCMlpNa0daZFNiejI?oc=5
2026-06-15 03:00,CNBC,cnbc.com,This semiconductor stock is up more than 200% this year. TD Cowen says it has more room to run,https://news.google.com/rss/articles/CBMirgFBVV95cUxNNWdSNDBOazdOenU3WjV1eWNYUVRyNVAwX1pNY1ZCNFdrWlpFc3REcXpkT2dwclVGRXY3UlAzOW56V0ljX041Ri13WWVhRXFyVTgtM3Y2STM0cHpMb3h3ZkJWb3NxZ2g5aVRuN3RpS2VMbjNaT2hMWUR0STZEZXdkcGhfQUh6MFllVlZjellDRVkteG1VV3RTb3J4ME8wekJudDJsLUtRRmlvc01Genc?oc=5
2026-06-15 03:00,Investing.com,investing.com,"Aletheia Capital raises Micron stock price target to $1,600",https://news.google.com/rss/articles/CBMiuAFBVV95cUxOM1hNbWFOaVRiTjdsQTY3dkhhamNFdjU1YXRTMXB2eU16ZGpHc215MUtnZU5xYmRyR2JDVFFzVnhmTXBDbGtIblhTMHlXc3hwX19DY1hPWThpYmdrRzVLZmFOUmRhbGtBSU00VWRPOGkzWFdXQmZYRDZzTGFrOFV5MzI5X0wwQ0U4UmVSSWZHU1ZRYllxelF2VzFNWnRtbVN1Ykt6bDhacHQzaWpvaU93WTBlcGV3UUQt?oc=5
2026-06-15 03:00,Investing.com,investing.com,"Micron stock price target raised to $1,200 by RBC on DRAM strength",https://news.google.com/rss/articles/CBMiwgFBVV95cUxQMG15eWNSQXN4ZDIwa0hvb2xEYm03T0FneVJBUXJSSDNGRjYwTy0ySVZuSEV4eTM5T2lxSlVSS2hKUE91TXFubDIwZXNpTmtqZ2tRLThFMVQ4MzVySUx0VFVmNFNJTzhSa1pRV0N1NjVHMnpwRnE1RVctcUc3TnJFYy0xUnlJQVQzNE05WmhOd05wSVBCaFU3TEVNQW8tODJZQnNuRVh1ZlNOZ1VrMDBiQlNsdm5TdXZrbmQtTHNjVHl2Zw?oc=5
2026-06-15 03:00,Investing.com,investing.com,TD Cowen raises Micron stock price target on AI demand outlook,https://news.google.com/rss/articles/CBMivwFBVV95cUxPOFNZaUpEdnc5LXlLb0FUZkNITUUwUnVSbFZobWticDZZbjdoRUl3eFYxWUZjd3MtTkp5b05qMWZkeEs2R0lOQkZLMmQzUmFzamd4c3pxU3ZqT2tGcV8tMXRSTUsxY0Z0LXRRb2NjMmwzQW1JZndUcmFndG9rejhvSkczLW1ZckM2Tl9oMExZN3FWZFRIbms0TWZraXpuQ3FRMExvNUpjd2NXNGpKcjBoQmtBQk52cUhKZ09RN2lmWQ?oc=5
2026-06-15 03:00,Investor's Business Daily,investors.com,"Micron, AMD Lead Chip Stocks Rally On U.S.-Iran Deal",https://news.google.com/rss/articles/CBMijwFBVV95cUxNMjE0eE9ZNGxBd3k4YWtfVlFkTEhFaGVuQTJpczBHMEdRbV84Ulp2NGFtMVZCU2cxVUtxVEw3Mm9tcnV4aXBIbW50ckJWdUIxbVhEaVBfUm5ELXpQNWZ3ZFpsMFozdFJObGg0aWVUOEpTM0xzbjZmU1g5ZndCSmdzN1Nya0syOEdXOHNKR1doaw?oc=5
2026-06-15 03:00,MarketWatch,marketwatch.com,Micron bulls are getting even more optimistic about memory trends as earnings draw closer,https://news.google.com/rss/articles/CBMizAFBVV95cUxPQW1PM0RGR1FkOFEzTkVyTWRtN3dRU3diVEtCTUI1SWFsSE1lTkY5NERnelE1T1dEOVRZVzdFWks5cERDNVBFa2ZPbWRaSWd2UVlJWWVwam9BQ3QyQm1fbExiOE9GR3k5a2RrX2M4QUdCVHBFN3VSOUpkTDNPLU91UDNjd0pJdXVKQ0VHaE1ZcnlncWttQTVHTUZ6Y05hU0lMM2xvZ1dSMmpqTUs4dTNkRXdQM1F5S3VsWWRNNThiaHh0TDB6V1M3blNRbUs?oc=5
2026-06-15 03:00,Seeking Alpha,seekingalpha.com,Micron Q3 Preview: Expecting Historical Run-Up To Translate To Extraordinary Results,https://news.google.com/rss/articles/CBMiwgFBVV95cUxQM0YyWVM5YTRRWkE0QklZdElOR1g2am82clJIWjRDVGhrcWcxeUJmMlowOE05LWU0NjNCbG55SXc2MGhXRE54NmpleDdoLW9hVkltXzFfSlNFOUhoZUNpdHptXzlBMjYyVGJvSTgzUkxVODFpSHpOYlc0d1dfMjBQVkpwVi1rSnd3X1BTN2FaY2sxWlV4M0VoVGx3T0EtRDZZSFlIbThXNTl3SkhzaEVHdmxLcVVSR00tdXdPdW4zcUJSZw?oc=5
2026-06-15 03:00,Seeking Alpha,seekingalpha.com,Micron Technology: Buy Ahead Of Earnings (Preview) (NASDAQ:MU),https://news.google.com/rss/articles/CBMikgFBVV95cUxOSjFHaS13Y1RjSzZRVUJRRjN3bnpoOVZsd0hjSVA3SzY4V3RvU2lQTURiWEZUVVk2MzR3bm5KQ1BNemd6QmtYTDRGYm02dmRzR0xDeE43NU40ajF6MmU1V2VBVU5iZVMtMWlIUlU3R05UYWhKdE84NkhWMWZadWRqM3NiUTdiQUVNYXEwWUhRZDE0UQ?oc=5
2026-06-15 03:00,Seeking Alpha,seekingalpha.com,Micron: Why Option Market Prices Key Risks Differently (NASDAQ:MU),https://news.google.com/rss/articles/CBMimgFBVV95cUxPUUc3NFUxX0F2eldDeVl4RVk2SEV6aFlHa0RCS2haTU5kOGtFVTB3ZlpHVTNTNHV0Y0Y1N01zc1g1ZjI2aE1hR1R5cEppdzY0d0wtbzRpSzM0OElzM0p0UlJsdUpjcXZsdE9TbzhBVUNuczUzb2ZrUXhhVjBaQnBmTTV4elFSSVpRcXk3cmE5ZU5UZWs2dUVPNkl3?oc=5
2026-06-15 03:00,The Motley Fool,fool.com,This Artificial Intelligence (AI) Stock Hit $1 Trillion in Record Time. Wall Street Says This Will Happen Next.,https://news.google.com/rss/articles/CBMilgFBVV95cUxPeXRwUzVod2hQa0w5TF83WGZ4MFFZX3paZXpGdE1rY2kyRU9Yb1N3WjU3R0hLank0aGdIWHJHUTVjYVlod21CaVBoVDB4enRyeFA5T2lvQTNrNGdNYU1KbVVZb3dpSnhHS0FwbF9ydUxPN0RDY0tfZnhpYmFpVHpHbG5aYnJoc05OUG1GajVjdDFPVkFPWEE?oc=5
2026-06-15 03:00,Yahoo Finance,finance.yahoo.com,"Micron (MU) Shares Skyrocket, What You Need To Know",https://news.google.com/rss/articles/CBMinAFBVV95cUxQT1dOWUlQLUdTLXR6M3hNbU1OSGY3WWJKWHh5enhoWlkzeWdRRHpOVnJNdFFwRjZGSDdtVVg3UnF2Snhob1VJdE54VEFhS1ZlNEdRTjJDZTh2bTdwUWhabkVYLXN0Y2t2QTVUTFBJanRRM2pPNkZZeFdVa20wRkRCXzFBaHROM3Rsc0QyOGxvN01Sa2dRZ1puRzY3dFQ?oc=5
2026-06-15 03:00,Yahoo Finance,finance.yahoo.com,Why Micron Stock Rocketed to a Record High Today,https://news.google.com/rss/articles/CBMingFBVV95cUxNdXlidWpXSGpidEE4ZXpBUXlaQkwtT0pxMjAzUTI4bjZ3UFBackVUR3pBMjhHeTdhc0xueWlDaEdCTDFtb2FIanhLdlp5b2hxMTJ5R3pHNFhwa280clg3V0JjWGZYYWRGbEQyWUlURlZYenpBN0VQZU9WN2hjOHJZZ0otRDZMam84aWoxWnhodjM1YWxFRERFUmV5RTBQdw?oc=5
