Id,Posted,Author,Joined,Followers,Likes,Sentiment,Text
661458571,2026-08-10 14:27:17,Fringe,2021-09-13,154,0,Bearish,$AIP bye bye $28’s. 😥😔 $26 or lower incoming.
661470770,2026-08-10 16:02:35,Crowbar20,2018-05-21,389,1,Bearish,"$AIP $26’s incoming. Getting destroyed fast. No buying all day, just huge sell orders . $12 stock and company is trash."
661500322,2026-08-10 22:29:35,Crowbar20,2018-05-21,389,0,Bearish,$AIP puts are paying huge on this trash. I think we see $20 again on this garbage. 52 week low was $8! That would be amazing. The company is cooked.
661516064,2026-08-11 08:11:39,Fringe,2021-09-13,154,0,Bearish,$AIP stock is as dead as this board. Back to $20 today.
661532473,2026-08-11 10:09:24,iomete_stulta,2025-06-24,16,0,,$AIP this stock was better before the moronic wave of short-term retail day traders found it lol
661532909,2026-08-11 10:11:33,BelieveableTruthsVideos,2023-11-08,119,1,,$AIP stock is bizarre volume has been extremely low
661610030,2026-08-11 20:31:54,Doozio,2011-07-07,47647,1,Bullish,$AIP n a MNDY 🐑 low?
661792035,2026-08-13 11:29:14,AMG213,2021-02-03,72,1,,$AIP
661994797,2026-08-15 15:29:21,Bulltrader988,2022-01-02,527,0,Bullish,$AIP 👃👀 https://x.com/i/status/2088339875166601601
662167604,2026-08-18 10:23:25,Belisimo,2019-12-21,101,0,,"$AIP very interesting one to watch Right now if you look at the 1yr. Chart,it&#39;s giving the finger to investors."
662219429,2026-08-18 16:30:56,AcceleratorModel,2024-11-08,190,0,,$AIP back to 20? 😬
662324731,2026-08-19 14:38:03,chartistmind,2023-02-05,3,2,,"$AIP starter. Bagholders, wtf happened here? Ah, nevermind."
662645078,2026-08-23 14:08:47,Bulltrader988,2022-01-02,527,1,Bullish,$AIP 👃👀 https://x.com/dewmboom/status/2089330096104419528
662645089,2026-08-23 14:09:03,Bulltrader988,2022-01-02,527,1,Bullish,$AIP 👃👀 https://x.com/StoryTrading/status/2090479010954293365
662702619,2026-08-24 11:26:53,chartistmind,2023-02-05,3,3,,"$AIP wtf is happening, getting destroyed. Added."
662995650,2026-08-27 10:20:39,chartistmind,2023-02-05,3,3,,$AIP
663027013,2026-08-27 13:36:28,ColonelTRSchneider,2024-11-12,0,2,Bullish,$AIP this has great potential.
663251333,2026-08-31 11:18:41,iomete_stulta,2025-06-24,16,0,,"$AIP is idiot ahh retail out of this yet, or do i need to wait more? 🤔"
663257807,2026-08-31 12:16:26,chartistmind,2023-02-05,3,1,,$AIP added back the add lot
663268657,2026-08-31 14:05:13,MajorBigBull,2025-08-10,45,1,Bullish,$AIP
663602121,2026-09-03 19:35:29,Rossiest,2025-02-15,275,2,Bullish,$AIP glad to be here. Started a position very nice potential here GLTA ✈️🚀👍🫡🤙💪🙌🍀☝️
663696085,2026-09-04 22:54:27,Rossiest,2025-02-15,275,2,Bullish,$AIP very nice potential here. In for 630 shares this week GLTA 🍀
663801075,2026-09-08 11:53:45,chartistmind,2023-02-05,3,2,,"$AIP loose? Man, i don’t lose bro"
663869124,2026-09-09 09:58:36,chartistmind,2023-02-05,3,2,,$AIP some more 🚀 juice pls. I need to make it up for some trash i just got.
664004109,2026-09-10 15:37:36,Th3M4skedSt0nker,2021-03-18,35,3,Bullish,$AIP just look at the 5 year chart and the businesses model and their customers...then decide to buy or not...lol easy read what will happen next...overbought &gt; oversold &gt; what&#39;s next? Peter Pan 💲📈💲📈💲
664336553,2026-09-15 20:20:17,focafoca99,2025-12-07,130,0,,"$AIP introduces expanded Multi-Die product portfolio with FlexGen and Ncore solutions for AI, HPC and consumer chips."
664704540,2026-09-21 10:01:59,leifstocks,2026-06-04,100,0,,$AIP 25 CALL 10/26 @ 1.60
664734790,2026-09-21 13:51:10,meatpuppets,2018-06-12,290,3,,$AIP ok so craig buckets wants you to pay 12x revs for AIP and has a hold on $CRSR that is 1X revs. interesting 🧐
664760613,2026-09-21 18:06:26,chartistmind,2023-02-05,3,2,,$AIP put a stop loss and loose? Man i dont know what that is about because i never lose. Another 10%+ 🚀 ripper within just days memorialized into the stocktits records.
665287256,2026-09-28 17:00:55,iomete_stulta,2025-06-24,16,1,,"$META $FSLY $KYIV $AIP $DNA we&#39;re back, following a few weeks&#39; pause... FAYE W39 🗞️ https://www.ffaye.us/p/w39-y2026-only-so-much-oxygen-to-go-around"
665428869,2026-09-30 10:03:03,MajorBigBull,2025-08-10,45,0,Bullish,$AIP
665496398,2026-09-30 19:09:20,MajorBigBull,2025-08-10,45,0,Bullish,$AIP
665669972,2026-10-02 15:47:07,Th3M4skedSt0nker,2021-03-18,35,0,Bullish,$AIP 40$ by year end...great dip to buy. Their technological advancements are an integral and growing part of the future 💲📈💲
