Date,Value
2021-09-30,74.83
2021-10-01,75.03
2021-10-02,75.88
2021-10-05,77.62
2021-10-06,78.93
2021-10-07,77.43
2021-10-08,78.3
2021-10-09,79.35
2021-10-12,80.52
2021-10-13,80.64
2021-10-14,80.44
2021-10-15,81.31
2021-10-16,82.28
2021-10-19,82.44
2021-10-20,82.96
2021-10-21,83.87
2021-10-22,82.5
2021-10-23,83.76
2021-10-26,83.76
2021-10-27,84.65
2021-10-28,82.66
2021-10-29,82.81
2021-10-30,83.57
2021-11-02,84.05
2021-11-03,83.91
2021-11-04,80.86
2021-11-05,78.81
2021-11-06,81.27
2021-11-09,81.93
2021-11-10,84.15
2021-11-11,81.34
2021-11-12,81.59
2021-11-13,80.79
2021-11-16,80.88
2021-11-17,80.76
2021-11-18,78.36
2021-11-19,79.01
2021-11-20,76.1
2021-11-23,76.75
2021-11-24,78.5
2021-11-25,78.39
2021-11-27,68.15
2021-11-30,69.95
2021-12-01,66.18
2021-12-02,65.57
2021-12-03,66.5
2021-12-04,66.26
2021-12-07,69.49
2021-12-08,72.05
2021-12-09,72.36
2021-12-10,70.94
2021-12-11,71.67
2021-12-14,71.29
2021-12-15,70.73
2021-12-16,70.87
2021-12-17,72.38
2021-12-18,70.86
2021-12-21,68.23
2021-12-22,71.12
2021-12-23,72.76
2021-12-24,73.79
2021-12-28,75.57
2021-12-29,75.98
2021-12-30,76.56
2021-12-31,76.99
2022-01-01,75.21
2022-01-04,76.08
2022-01-05,76.99
2022-01-06,77.85
2022-01-07,79.46
2022-01-08,78.9
2022-01-11,78.23
2022-01-12,81.22
2022-01-13,82.64
2022-01-14,82.12
2022-01-15,83.82
2022-01-19,85.43
2022-01-20,86.96
2022-01-21,86.9
2022-01-22,85.14
2022-01-25,83.31
2022-01-26,85.6
2022-01-27,87.35
2022-01-28,86.61
2022-01-29,86.82
2022-02-01,88.15
2022-02-02,88.2
2022-02-03,88.26
2022-02-04,90.27
2022-02-05,92.31
2022-02-08,91.32
2022-02-09,89.36
2022-02-10,89.66
2022-02-11,89.88
2022-02-12,93.1
2022-02-15,95.46
2022-02-16,92.07
2022-02-17,93.66
2022-02-18,91.76
2022-02-19,91.07
2022-02-23,92.35
2022-02-24,92.1
2022-02-25,92.81
2022-02-26,91.59
2022-03-01,95.72
2022-03-02,103.41
2022-03-03,110.6
2022-03-04,107.67
2022-03-05,115.68
2022-03-08,119.4
2022-03-09,123.7
2022-03-10,108.7
2022-03-11,106.02
2022-03-12,109.33
2022-03-15,103.01
2022-03-16,96.44
2022-03-17,95.04
2022-03-18,102.98
2022-03-19,104.7
2022-03-22,112.12
2022-03-23,111.76
2022-03-24,114.93
2022-03-25,112.34
2022-03-26,113.9
2022-03-29,105.96
2022-03-30,104.24
2022-03-31,107.82
2022-04-01,100.28
2022-04-02,99.27
2022-04-05,103.28
2022-04-06,101.96
2022-04-07,96.23
2022-04-08,96.03
2022-04-09,98.26
2022-04-12,94.29
2022-04-13,100.6
2022-04-14,104.25
2022-04-15,106.95
2022-04-19,108.21
2022-04-20,102.56
2022-04-21,102.75
2022-04-22,103.79
2022-04-23,102.07
2022-04-26,98.54
2022-04-27,101.7
2022-04-28,102.02
2022-04-29,105.36
2022-04-30,104.69
2022-05-03,105.17
2022-05-04,102.41
2022-05-05,107.81
2022-05-06,108.26
2022-05-07,109.77
2022-05-10,103.09
2022-05-11,99.76
2022-05-12,105.71
2022-05-13,106.13
2022-05-14,110.49
2022-05-17,114.2
2022-05-18,112.4
2022-05-19,109.59
2022-05-20,112.21
2022-05-21,113.23
2022-05-24,110.29
2022-05-25,109.77
2022-05-26,110.33
2022-05-27,114.09
2022-05-28,115.07
2022-06-01,114.67
2022-06-02,115.26
2022-06-03,116.87
2022-06-04,118.87
2022-06-07,118.5
2022-06-08,119.41
2022-06-09,122.11
2022-06-10,121.51
2022-06-11,120.67
2022-06-14,120.93
2022-06-15,118.93
2022-06-16,115.31
2022-06-17,117.59
2022-06-18,109.56
2022-06-22,110.65
2022-06-23,106.19
2022-06-24,104.27
2022-06-25,107.62
2022-06-28,109.57
2022-06-29,111.76
2022-06-30,109.78
2022-07-01,105.76
2022-07-02,108.43
2022-07-06,99.5
2022-07-07,98.53
2022-07-08,102.73
2022-07-09,104.79
2022-07-12,104.09
2022-07-13,95.84
2022-07-14,96.3
2022-07-15,95.78
2022-07-16,97.59
2022-07-19,102.6
2022-07-20,104.22
2022-07-21,102.26
2022-07-22,96.35
2022-07-23,94.7
2022-07-26,96.7
2022-07-27,94.98
2022-07-28,97.26
2022-07-29,96.42
2022-07-30,98.62
2022-08-02,93.89
2022-08-03,94.42
2022-08-04,90.66
2022-08-05,88.54
2022-08-06,89.01
2022-08-09,90.76
2022-08-10,90.5
2022-08-11,91.93
2022-08-12,94.34
2022-08-13,92.09
2022-08-16,89.41
2022-08-17,86.53
2022-08-18,88.11
2022-08-19,90.5
2022-08-20,90.77
2022-08-23,90.23
2022-08-24,93.74
2022-08-25,94.89
2022-08-26,92.52
2022-08-27,93.06
2022-08-30,97.01
2022-08-31,91.64
2022-09-01,89.55
2022-09-02,86.61
2022-09-03,86.87
2022-09-07,86.88
2022-09-08,81.94
2022-09-09,83.54
2022-09-10,86.79
2022-09-13,87.78
2022-09-14,87.31
2022-09-15,88.48
2022-09-16,85.1
2022-09-17,85.11
2022-09-20,85.73
2022-09-21,84.45
2022-09-22,82.94
2022-09-23,83.49
2022-09-24,78.74
2022-09-27,76.71
2022-09-28,78.5
2022-09-29,82.15
2022-09-30,81.23
2022-10-01,79.49
2022-10-04,83.63
2022-10-05,86.52
2022-10-06,87.76
2022-10-07,88.45
2022-10-08,92.64
2022-10-11,91.13
2022-10-12,89.35
2022-10-13,87.27
2022-10-14,89.11
2022-10-15,85.61
2022-10-18,85.46
2022-10-19,82.82
2022-10-20,85.55
2022-10-21,85.98
2022-10-22,85.05
2022-10-25,84.58
2022-10-26,85.32
2022-10-27,87.91
2022-10-28,89.08
2022-10-29,87.9
2022-11-01,86.53
2022-11-02,88.37
2022-11-03,90.0
2022-11-04,88.17
2022-11-05,92.61
2022-11-08,91.79
2022-11-09,88.91
2022-11-10,85.83
2022-11-11,86.47
2022-11-12,88.96
2022-11-15,85.87
2022-11-16,86.92
2022-11-17,85.59
2022-11-18,81.64
2022-11-19,80.08
2022-11-22,79.73
2022-11-23,80.95
2022-11-24,77.94
2022-11-26,76.28
2022-11-29,77.24
2022-11-30,78.2
2022-12-01,80.55
2022-12-02,81.22
2022-12-03,79.98
2022-12-06,76.93
2022-12-07,74.25
2022-12-08,72.01
2022-12-09,71.46
2022-12-10,71.02
2022-12-13,73.17
2022-12-14,75.39
2022-12-15,77.28
2022-12-16,76.11
2022-12-17,74.29
2022-12-20,75.19
2022-12-21,76.09
2022-12-22,78.29
2022-12-23,77.49
2022-12-24,79.56
2022-12-28,79.53
2022-12-29,78.96
2022-12-30,78.4
2022-12-31,80.26
2023-01-04,76.93
2023-01-05,72.84
2023-01-06,73.67
2023-01-07,73.77
2023-01-10,74.63
2023-01-11,75.12
2023-01-12,77.41
2023-01-13,78.39
2023-01-14,79.86
2023-01-18,80.18
2023-01-19,79.48
2023-01-20,80.33
2023-01-21,81.31
2023-01-24,81.62
2023-01-25,80.13
2023-01-26,80.15
2023-01-27,81.01
2023-01-28,79.68
2023-01-31,77.9
2023-02-01,78.87
2023-02-02,76.41
2023-02-03,75.88
2023-02-04,73.39
2023-02-07,74.11
2023-02-08,77.14
2023-02-09,78.47
2023-02-10,78.06
2023-02-11,79.72
2023-02-14,80.14
2023-02-15,79.06
2023-02-16,78.59
2023-02-17,78.49
2023-02-18,76.34
2023-02-22,76.16
2023-02-23,73.95
2023-02-24,75.39
2023-02-25,76.32
2023-02-28,75.68
2023-03-01,77.05
2023-03-02,77.69
2023-03-03,78.16
2023-03-04,79.68
2023-03-07,80.46
2023-03-08,77.58
2023-03-09,76.66
2023-03-10,75.72
2023-03-11,76.68
2023-03-14,74.8
2023-03-15,71.33
2023-03-16,67.61
2023-03-17,68.35
2023-03-18,66.74
2023-03-21,67.64
2023-03-22,69.33
2023-03-23,70.9
2023-03-24,69.96
2023-03-25,69.26
2023-03-28,72.81
2023-03-29,73.2
2023-03-30,72.97
2023-03-31,74.37
2023-04-01,75.67
2023-04-04,80.42
2023-04-05,80.71
2023-04-06,80.61
2023-04-07,80.7
2023-04-11,79.74
2023-04-12,81.53
2023-04-13,83.26
2023-04-14,82.16
2023-04-15,82.52
2023-04-18,80.83
2023-04-19,80.86
2023-04-20,79.16
2023-04-21,77.29
2023-04-22,77.87
2023-04-25,78.76
2023-04-26,77.07
2023-04-27,74.3
2023-04-28,74.76
2023-04-29,76.78
2023-05-02,75.66
2023-05-03,71.66
2023-05-04,68.6
2023-05-05,68.56
2023-05-06,71.34
2023-05-09,73.16
2023-05-10,73.71
2023-05-11,72.56
2023-05-12,70.87
2023-05-13,70.04
2023-05-16,71.11
2023-05-17,70.86
2023-05-18,72.83
2023-05-19,71.86
2023-05-20,71.55
2023-05-23,71.99
2023-05-24,72.91
2023-05-25,74.34
2023-05-26,71.83
2023-05-27,72.67
2023-05-31,69.46
2023-06-01,68.09
2023-06-02,70.1
2023-06-03,71.74
2023-06-06,72.15
2023-06-07,71.74
2023-06-08,72.53
2023-06-09,71.29
2023-06-10,70.17
2023-06-13,67.12
2023-06-14,69.42
2023-06-15,68.27
2023-06-16,70.62
2023-06-17,71.78
2023-06-21,70.5
2023-06-22,72.53
2023-06-23,69.51
2023-06-24,69.16
2023-06-27,69.37
2023-06-28,67.7
2023-06-29,69.56
2023-06-30,69.86
2023-07-01,70.64
2023-07-04,69.79
2023-07-06,71.79
2023-07-07,71.8
2023-07-08,73.86
2023-07-11,72.99
2023-07-12,74.83
2023-07-13,75.75
2023-07-14,76.89
2023-07-15,75.42
2023-07-18,74.15
2023-07-19,75.75
2023-07-20,75.35
2023-07-21,75.63
2023-07-22,77.07
2023-07-25,78.74
2023-07-26,79.63
2023-07-27,78.78
2023-07-28,80.09
2023-07-29,80.58
2023-08-01,81.8
2023-08-02,81.37
2023-08-03,79.49
2023-08-04,81.55
2023-08-05,82.82
2023-08-08,81.94
2023-08-09,82.92
2023-08-10,84.4
2023-08-11,82.82
2023-08-12,83.19
2023-08-15,82.51
2023-08-16,80.99
2023-08-17,79.38
2023-08-18,80.39
2023-08-19,81.25
2023-08-22,80.72
2023-08-23,80.35
2023-08-24,78.89
2023-08-25,79.05
2023-08-26,79.83
2023-08-29,80.1
2023-08-30,81.16
2023-08-31,81.63
2023-09-01,83.63
2023-09-02,85.55
2023-09-06,86.69
2023-09-07,87.54
2023-09-08,86.87
2023-09-09,87.51
2023-09-12,87.29
2023-09-13,88.84
2023-09-14,88.52
2023-09-15,90.16
2023-09-16,90.77
2023-09-19,91.48
2023-09-20,91.2
2023-09-21,90.28
2023-09-22,89.63
2023-09-23,90.03
2023-09-26,89.68
2023-09-27,90.39
2023-09-28,93.68
2023-09-29,91.71
2023-09-30,90.79
2023-10-03,88.82
2023-10-04,89.23
2023-10-05,84.22
2023-10-06,82.31
2023-10-07,82.79
2023-10-10,86.38
2023-10-11,85.97
2023-10-12,83.49
2023-10-13,82.91
2023-10-14,87.69
2023-10-17,86.66
2023-10-18,86.66
2023-10-19,88.32
2023-10-20,89.37
2023-10-21,88.75
2023-10-24,85.49
2023-10-25,83.74
2023-10-26,85.39
2023-10-27,83.21
2023-10-28,85.54
2023-10-31,82.31
2023-11-01,81.02
2023-11-02,80.44
2023-11-03,82.46
2023-11-04,80.51
2023-11-07,80.82
2023-11-08,77.37
2023-11-09,75.33
2023-11-10,75.74
2023-11-11,77.17
2023-11-14,78.26
2023-11-15,78.26
2023-11-16,76.66
2023-11-17,72.9
2023-11-18,75.89
2023-11-21,77.6
2023-11-22,77.77
2023-11-23,77.1
2023-11-25,75.54
2023-11-28,74.86
2023-11-29,76.41
2023-11-30,77.86
2023-12-01,75.96
2023-12-02,74.07
2023-12-05,73.04
2023-12-06,72.32
2023-12-07,69.38
2023-12-08,69.34
2023-12-09,71.23
2023-12-12,71.32
2023-12-13,68.61
2023-12-14,69.47
2023-12-15,71.58
2023-12-16,71.43
2023-12-19,72.47
2023-12-20,73.44
2023-12-21,74.22
2023-12-22,73.89
2023-12-23,73.56
2023-12-27,75.57
2023-12-28,74.11
2023-12-29,71.77
2023-12-30,71.65
2024-01-03,70.38
2024-01-04,72.7
2024-01-05,72.19
2024-01-06,73.81
2024-01-09,70.77
2024-01-10,72.24
2024-01-11,71.37
2024-01-12,72.02
2024-01-13,72.68
2024-01-17,72.4
2024-01-18,72.56
2024-01-19,74.08
2024-01-20,73.41
2024-01-23,75.19
2024-01-24,74.37
2024-01-25,75.09
2024-01-26,77.36
2024-01-27,78.01
2024-01-30,76.78
2024-01-31,77.82
2024-02-01,75.85
2024-02-02,73.82
2024-02-03,72.28
2024-02-06,72.78
2024-02-07,73.31
2024-02-08,73.86
2024-02-09,76.22
2024-02-10,76.84
2024-02-13,76.92
2024-02-14,77.87
2024-02-15,76.64
2024-02-16,78.03
2024-02-17,79.19
2024-02-21,78.18
2024-02-22,77.91
2024-02-23,78.61
2024-02-24,76.49
2024-02-27,77.58
2024-02-28,78.87
2024-02-29,78.54
2024-03-01,78.26
2024-03-02,79.97
2024-03-05,78.74
2024-03-06,78.15
2024-03-07,79.13
2024-03-08,78.93
2024-03-09,78.01
2024-03-12,77.93
2024-03-13,77.56
2024-03-14,79.72
2024-03-15,81.26
2024-03-16,81.04
2024-03-19,82.72
2024-03-20,83.47
2024-03-21,81.68
2024-03-22,81.07
2024-03-23,80.63
2024-03-26,81.95
2024-03-27,81.62
2024-03-28,81.35
2024-03-29,83.17
2024-04-02,83.71
2024-04-03,85.15
2024-04-04,85.43
2024-04-05,86.59
2024-04-06,86.91
2024-04-09,86.43
2024-04-10,85.23
2024-04-11,86.21
2024-04-12,85.02
2024-04-13,85.66
2024-04-16,85.41
2024-04-17,85.36
2024-04-18,82.69
2024-04-19,82.73
2024-04-20,83.14
2024-04-23,82.85
2024-04-24,83.36
2024-04-25,82.81
2024-04-26,83.57
2024-04-27,83.85
2024-04-30,82.63
2024-05-01,81.93
2024-05-02,79.0
2024-05-03,78.95
2024-05-04,78.11
2024-05-07,78.48
2024-05-08,78.38
2024-05-09,78.99
2024-05-10,79.26
2024-05-11,78.26
2024-05-14,79.12
2024-05-15,78.02
2024-05-16,78.63
2024-05-17,79.23
2024-05-18,80.06
2024-05-21,79.8
2024-05-22,79.26
2024-05-23,77.57
2024-05-24,76.87
2024-05-25,77.72
2024-05-29,79.83
2024-05-30,79.23
2024-05-31,77.91
2024-06-01,76.99
2024-06-04,74.22
2024-06-05,73.25
2024-06-06,74.07
2024-06-07,75.55
2024-06-08,75.53
2024-06-11,77.74
2024-06-12,77.9
2024-06-13,78.5
2024-06-14,78.62
2024-06-15,78.45
2024-06-18,80.33
2024-06-19,81.57
2024-06-21,82.17
2024-06-22,80.73
2024-06-25,81.63
2024-06-26,80.83
2024-06-27,80.9
2024-06-28,81.74
2024-06-29,81.54
2024-07-02,83.38
2024-07-03,82.81
2024-07-04,83.88
2024-07-06,83.16
2024-07-09,82.33
2024-07-10,81.41
2024-07-11,82.1
2024-07-12,82.62
2024-07-13,82.21
2024-07-16,81.91
2024-07-17,80.76
2024-07-18,82.85
2024-07-19,82.82
2024-07-20,80.13
2024-07-23,79.78
2024-07-24,76.96
2024-07-25,77.59
2024-07-26,78.28
2024-07-27,77.16
2024-07-30,75.81
2024-07-31,74.73
2024-08-01,77.91
2024-08-02,76.31
2024-08-03,73.52
2024-08-06,72.94
2024-08-07,73.2
2024-08-08,75.23
2024-08-09,76.19
2024-08-10,76.84
2024-08-13,80.06
2024-08-14,78.35
2024-08-15,76.98
2024-08-16,78.16
2024-08-17,76.65
2024-08-20,74.37
2024-08-21,74.04
2024-08-22,71.93
2024-08-23,73.01
2024-08-24,74.83
2024-08-27,77.42
2024-08-28,75.53
2024-08-29,74.52
2024-08-30,75.91
2024-08-31,73.55
2024-09-04,70.34
2024-09-05,69.2
2024-09-06,69.15
2024-09-07,67.67
2024-09-10,68.71
2024-09-11,65.75
2024-09-12,67.31
2024-09-13,68.97
2024-09-14,68.65
2024-09-17,70.09
2024-09-18,71.19
2024-09-19,70.91
2024-09-20,71.95
2024-09-21,71.92
2024-09-24,70.37
2024-09-25,71.56
2024-09-26,69.69
2024-09-27,67.67
2024-09-28,68.18
2024-10-01,68.17
2024-10-02,69.83
2024-10-03,70.1
2024-10-04,73.71
2024-10-05,74.38
2024-10-08,77.14
2024-10-09,73.57
2024-10-10,73.24
2024-10-11,75.85
2024-10-12,75.56
2024-10-15,73.83
2024-10-16,70.58
2024-10-17,70.39
2024-10-18,70.67
2024-10-19,69.22
2024-10-22,70.56
2024-10-23,72.09
2024-10-24,70.77
2024-10-25,70.19
2024-10-26,71.78
2024-10-29,67.38
2024-10-30,67.21
2024-10-31,68.61
2024-11-01,69.26
2024-11-02,69.49
2024-11-05,71.47
2024-11-06,71.99
2024-11-07,71.69
2024-11-08,72.36
2024-11-09,70.38
2024-11-12,68.04
2024-11-13,68.12
2024-11-14,68.43
2024-11-15,68.7
2024-11-16,67.02
2024-11-19,69.16
2024-11-20,69.39
2024-11-21,68.87
2024-11-22,70.1
2024-11-23,71.24
2024-11-26,68.94
2024-11-27,68.77
2024-11-28,68.72
2024-11-30,68.0
2024-12-03,68.1
2024-12-04,69.94
2024-12-05,68.54
2024-12-06,68.3
2024-12-07,67.2
2024-12-10,68.37
2024-12-11,68.59
2024-12-12,70.29
2024-12-13,70.02
2024-12-14,71.29
2024-12-17,70.71
2024-12-18,70.08
2024-12-19,70.58
2024-12-20,69.91
2024-12-21,69.46
2024-12-24,69.24
2024-12-25,70.1
2024-12-27,69.62
2024-12-28,70.6
2024-12-31,70.99
2025-01-01,71.72
2025-01-03,73.13
2025-01-04,73.96
2025-01-07,73.56
2025-01-08,74.25
2025-01-09,73.32
2025-01-10,73.92
2025-01-11,76.57
2025-01-14,78.82
2025-01-15,77.5
2025-01-16,80.04
2025-01-17,78.68
2025-01-18,77.88
2025-01-22,75.89
2025-01-23,75.44
2025-01-24,74.62
2025-01-25,74.66
2025-01-28,73.17
2025-01-29,73.77
2025-01-30,72.62
2025-01-31,72.73
2025-02-01,72.53
2025-02-04,73.16
2025-02-05,72.7
2025-02-06,71.03
2025-02-07,70.61
2025-02-08,71.0
2025-02-11,72.32
2025-02-12,73.32
2025-02-13,71.37
2025-02-14,71.29
2025-02-15,70.74
2025-02-19,71.85
2025-02-20,72.25
2025-02-21,72.57
2025-02-22,70.4
2025-02-25,70.7
2025-02-26,68.93
2025-02-27,68.62
2025-02-28,70.35
2025-03-01,69.76
2025-03-04,68.37
2025-03-05,68.26
2025-03-06,66.31
2025-03-07,66.36
2025-03-08,67.04
2025-03-11,66.03
2025-03-12,66.25
2025-03-13,67.68
2025-03-14,66.55
2025-03-15,67.18
2025-03-18,67.58
2025-03-19,66.9
2025-03-20,67.16
2025-03-21,68.26
2025-03-22,68.28
2025-03-25,69.11
2025-03-26,69.0
2025-03-27,69.65
2025-03-28,69.92
2025-03-29,69.36
2025-04-01,71.48
2025-04-02,71.2
2025-04-03,71.71
2025-04-04,66.95
2025-04-05,61.99
2025-04-08,60.7
2025-04-09,59.58
2025-04-10,62.35
2025-04-11,60.07
2025-04-12,61.5
2025-04-15,61.53
2025-04-16,61.33
2025-04-17,62.47
2025-04-18,64.68
2025-04-22,63.08
2025-04-23,64.31
2025-04-24,62.27
2025-04-25,62.79
2025-04-26,63.02
2025-04-29,62.05
2025-04-30,60.42
2025-05-01,58.21
2025-05-02,59.24
2025-05-03,58.29
2025-05-06,57.13
2025-05-07,59.09
2025-05-08,58.07
2025-05-09,59.91
2025-05-10,61.02
2025-05-13,61.95
2025-05-14,63.67
2025-05-15,63.15
2025-05-16,61.62
2025-05-17,62.49
2025-05-20,62.69
2025-05-21,62.56
2025-05-22,61.57
2025-05-23,61.2
2025-05-24,61.53
2025-05-28,60.89
2025-05-29,61.84
2025-05-30,60.94
2025-05-31,60.79
2025-06-03,62.52
2025-06-04,63.41
2025-06-05,62.85
2025-06-06,63.37
2025-06-07,64.58
2025-06-10,65.29
2025-06-11,64.98
2025-06-12,68.15
2025-06-13,68.04
2025-06-14,72.98
2025-06-17,71.77
2025-06-18,74.84
2025-06-19,75.14
2025-06-21,74.93
2025-06-24,68.51
2025-06-25,64.37
2025-06-26,64.92
2025-06-27,65.24
2025-06-28,65.52
2025-07-01,65.11
2025-07-02,65.45
2025-07-03,67.45
2025-07-04,67.0
2025-07-05,66.5
2025-07-08,67.93
2025-07-09,68.33
2025-07-10,68.38
2025-07-11,66.57
2025-07-12,68.45
2025-07-15,66.98
2025-07-16,66.52
2025-07-17,66.38
2025-07-18,67.54
2025-07-19,67.34
2025-07-22,67.2
2025-07-23,66.21
2025-07-24,65.25
2025-07-25,66.03
2025-07-26,65.16
2025-07-29,66.71
2025-07-30,69.21
2025-07-31,70.0
2025-08-01,69.26
2025-08-02,67.33
2025-08-05,66.29
2025-08-06,65.16
2025-08-07,64.35
2025-08-08,63.88
2025-08-09,63.88
2025-08-12,63.96
2025-08-13,63.17
2025-08-14,62.65
2025-08-15,63.96
2025-08-16,62.8
2025-08-19,63.42
2025-08-20,62.35
2025-08-21,63.21
2025-08-22,63.52
2025-08-23,63.66
2025-08-26,64.8
2025-08-27,63.25
2025-08-28,64.15
2025-08-29,64.6
2025-08-30,64.01
2025-09-03,65.59
2025-09-04,63.97
2025-09-05,63.48
2025-09-06,61.87
2025-09-09,62.26
2025-09-10,62.63
2025-09-11,63.67
2025-09-12,62.37
2025-09-13,62.69
2025-09-16,63.3
2025-09-17,64.52
2025-09-18,64.05
2025-09-19,63.57
2025-09-20,62.68
2025-09-23,62.64
2025-09-24,63.41
2025-09-25,64.99
2025-09-26,64.98
2025-09-27,65.72
2025-09-30,63.45
2025-10-01,62.37
2025-10-02,61.78
2025-10-03,60.48
2025-10-04,60.88
2025-10-07,61.69
2025-10-08,61.73
2025-10-09,62.55
2025-10-10,61.51
2025-10-11,58.9
2025-10-14,59.49
2025-10-15,58.7
2025-10-16,58.27
2025-10-17,57.46
2025-10-18,57.54
2025-10-21,57.52
2025-10-22,57.82
2025-10-23,58.5
2025-10-24,61.79
2025-10-25,61.5
2025-10-28,61.31
2025-10-29,60.15
2025-10-30,60.48
2025-10-31,60.57
2025-11-01,60.98
2025-11-04,61.05
2025-11-05,60.56
2025-11-06,59.6
2025-11-07,59.43
2025-11-08,59.75
2025-11-11,60.13
2025-11-12,61.04
2025-11-13,58.49
2025-11-14,58.69
2025-11-15,60.09
2025-11-18,59.91
2025-11-19,60.74
2025-11-20,59.44
2025-11-21,59.14
2025-11-22,58.06
2025-11-25,58.84
2025-11-26,57.95
2025-11-27,58.65
2025-11-29,58.55
2025-12-02,59.32
2025-12-03,58.64
2025-12-04,58.95
2025-12-05,59.67
2025-12-06,60.08
2025-12-09,58.88
2025-12-10,58.25
2025-12-11,58.46
2025-12-12,57.6
2025-12-13,57.44
2025-12-16,56.82
2025-12-17,55.27
2025-12-18,55.94
2025-12-19,56.15
2025-12-20,56.66
2025-12-23,58.01
2025-12-24,58.38
2025-12-25,58.35
2025-12-27,56.74
2025-12-30,58.08
2025-12-31,57.95
2026-01-01,57.42
2026-01-03,57.32
2026-01-06,58.32
2026-01-07,57.13
2026-01-08,55.99
2026-01-09,57.76
2026-01-10,59.12
2026-01-13,59.5
2026-01-14,61.15
2026-01-15,62.02
2026-01-16,59.19
2026-01-17,59.44
2026-01-21,60.34
2026-01-22,60.62
2026-01-23,59.36
2026-01-24,61.07
2026-01-27,60.63
2026-01-28,62.39
2026-01-29,63.21
2026-01-30,65.42
2026-01-31,65.21
2026-02-03,62.14
2026-02-04,63.21
2026-02-05,65.14
2026-02-06,63.29
2026-02-07,63.55
2026-02-10,64.36
2026-02-11,63.96
2026-02-12,64.63
2026-02-13,62.84
2026-02-14,62.89
2026-02-18,62.33
2026-02-19,65.19
2026-02-20,66.43
2026-02-21,66.39
2026-02-24,66.31
2026-02-25,65.63
2026-02-26,65.42
2026-02-27,65.21
2026-02-28,67.02
2026-03-03,71.23
2026-03-04,74.56
2026-03-05,74.66
2026-03-06,81.01
2026-03-07,90.9
2026-03-10,94.77
2026-03-11,83.45
2026-03-12,87.25
2026-03-13,95.73
2026-03-14,98.71
2026-03-17,93.5
2026-03-18,96.21
2026-03-19,96.32
2026-03-20,96.14
2026-03-21,98.32
2026-03-24,88.13
2026-03-25,92.35
2026-03-26,90.32
2026-03-27,94.48
2026-03-28,99.64
2026-03-31,102.88
2026-04-01,101.38
2026-04-02,100.12
2026-04-03,111.54
2026-04-07,112.41
2026-04-08,112.95
2026-04-09,94.41
2026-04-10,97.87
2026-04-11,96.57
2026-04-14,99.08
2026-04-15,91.28
2026-04-16,91.29
2026-04-17,94.69
2026-04-18,83.85
2026-04-21,89.61
2026-04-22,92.13
2026-04-23,92.96
2026-04-24,95.85
2026-04-25,94.4
2026-04-28,96.37
2026-04-29,99.93
2026-04-30,106.88
2026-05-01,105.07
2026-05-02,101.94
2026-05-05,106.42
2026-05-06,102.27
2026-05-07,95.08
2026-05-08,94.81
2026-05-09,95.42
2026-05-12,98.07
2026-05-13,102.18
2026-05-14,101.02
2026-05-15,101.17
2026-05-16,105.42
2026-05-19,108.66
2026-05-20,107.77
2026-05-21,98.26
2026-05-22,96.35
2026-05-23,96.6
2026-05-27,93.89
2026-05-28,88.68
2026-05-29,88.9
2026-05-30,87.36
2026-06-02,92.16
2026-06-03,93.76
2026-06-04,96.02
2026-06-05,93.04
2026-06-06,90.54
2026-06-09,91.3
2026-06-10,88.2
2026-06-11,90.03
2026-06-12,87.71
2026-06-13,84.88
2026-06-16,80.75
2026-06-17,76.05
2026-06-18,76.79
2026-06-19,76.6
2026-06-23,74.82
2026-06-24,73.21
2026-06-25,70.34
2026-06-26,71.92
2026-06-27,69.23
2026-06-30,70.75
2026-07-01,69.5
2026-07-02,68.58
2026-07-03,68.69
2026-07-07,68.55
2026-07-08,70.44
2026-07-09,73.52
2026-07-10,72.08
2026-07-11,71.41
2026-07-14,78.14
2026-07-15,79.34
2026-07-16,79.6
2026-07-17,78.95
2026-07-18,82.49
2026-07-21,83.23
2026-07-22,84.91
2026-07-23,86.83
2026-07-24,92.19
2026-07-25,89.31
2026-07-28,82.61
2026-07-29,79.26
2026-07-30,84.46
2026-07-31,83.59
2026-08-01,84.67
2026-08-04,80.34
2026-08-05,75.77
2026-08-06,75.22
2026-08-07,77.29
2026-08-08,78.18
2026-08-11,82.13
2026-08-12,83.2
2026-08-13,83.27
2026-08-14,81.25
2026-08-15,82.4
2026-08-18,84.5
2026-08-19,84.94
2026-08-20,85.83
2026-08-21,87.83
2026-08-22,87.06
2026-08-25,85.01
2026-08-26,82.36
2026-08-27,82.23
2026-08-28,83.53
2026-08-29,83.4
2026-09-01,85.76
2026-09-02,90.22
2026-09-03,91.01
2026-09-04,91.3
2026-09-05,91.48
2026-09-09,93.03
2026-09-10,96.05
2026-09-11,102.48
2026-09-12,100.05
2026-09-15,101.39
2026-09-16,105.83
2026-09-17,102.43
2026-09-18,101.91
2026-09-19,100.3
2026-09-22,95.78
2026-09-23,94.59
2026-09-24,92.16
2026-09-25,94.61
2026-09-26,92.41
2026-09-29,92.6
2026-09-30,88.9
